2026-06-06 20:40:06 [main] INFO  o.s.t.c.s.AnnotationConfigContextLoaderUtils [Req:] [Tenant:] [User:] - Could not detect default configuration classes for test class [com.org73n37.crudapp.CrudAppIntegrationTest]: CrudAppIntegrationTest does not declare any static, non-private, non-final, nested classes annotated with @Configuration.
2026-06-06 20:40:06 [main] INFO  o.s.b.t.c.SpringBootTestContextBootstrapper [Req:] [Tenant:] [User:] - Found @SpringBootConfiguration com.org73n37.crudapp.Main for test class com.org73n37.crudapp.CrudAppIntegrationTest
2026-06-06 20:40:06 [main] INFO  o.s.t.c.s.AnnotationConfigContextLoaderUtils [Req:] [Tenant:] [User:] - Could not detect default configuration classes for test class [com.org73n37.crudapp.CrudAppIntegrationTest]: CrudAppIntegrationTest does not declare any static, non-private, non-final, nested classes annotated with @Configuration.
2026-06-06 20:40:06 [main] INFO  o.s.b.t.c.SpringBootTestContextBootstrapper [Req:] [Tenant:] [User:] - Found @SpringBootConfiguration com.org73n37.crudapp.Main for test class com.org73n37.crudapp.CrudAppIntegrationTest
2026-06-06 20:40:07 [background-preinit] INFO  o.h.validator.internal.util.Version [Req:] [Tenant:] [User:] - HV000001: Hibernate Validator 9.0.1.Final
2026-06-06 20:40:07 [main] INFO  c.o.crudapp.CrudAppIntegrationTest [Req:] [Tenant:] [User:] - Starting CrudAppIntegrationTest using Java 25.0.3 with PID 12144 (started by vase_ in C:\Users\vase_\Desktop\Crud_application)
2026-06-06 20:40:07 [main] DEBUG c.o.crudapp.CrudAppIntegrationTest [Req:] [Tenant:] [User:] - Running with Spring Boot v4.0.6, Spring v7.0.7
2026-06-06 20:40:07 [main] INFO  c.o.crudapp.CrudAppIntegrationTest [Req:] [Tenant:] [User:] - No active profile set, falling back to 1 default profile: "default"
2026-06-06 20:40:08 [main] INFO  o.s.d.r.c.RepositoryConfigurationDelegate [Req:] [Tenant:] [User:] - Bootstrapping Spring Data JPA repositories in DEFAULT mode.
2026-06-06 20:40:08 [main] INFO  o.s.d.r.c.RepositoryConfigurationDelegate [Req:] [Tenant:] [User:] - Finished Spring Data repository scanning in 31 ms. Found 0 JPA repository interfaces.
2026-06-06 20:40:09 [main] INFO  c.o.c.i.w.DynamicControllerRegister [Req:] [Tenant:] [User:] - Generated and registered controller bean for: Product at /api/v1/products
2026-06-06 20:40:10 [main] INFO  com.zaxxer.hikari.HikariDataSource [Req:] [Tenant:] [User:] - HikariPool-1 - Starting...
2026-06-06 20:40:10 [main] INFO  com.zaxxer.hikari.pool.HikariPool [Req:] [Tenant:] [User:] - HikariPool-1 - Added connection org.postgresql.jdbc.PgConnection@14993306
2026-06-06 20:40:10 [main] INFO  com.zaxxer.hikari.HikariDataSource [Req:] [Tenant:] [User:] - HikariPool-1 - Start completed.
2026-06-06 20:40:11 [main] INFO  liquibase.database [Req:] [Tenant:] [User:] - Set default schema name to public
2026-06-06 20:40:12 [main] INFO  liquibase.changelog [Req:] [Tenant:] [User:] - Reading from public.databasechangelog
2026-06-06 20:40:12 [main] INFO  liquibase.ui [Req:] [Tenant:] [User:] - Database is up to date, no changesets to execute
2026-06-06 20:40:12 [main] INFO  liquibase.changelog [Req:] [Tenant:] [User:] - Reading from public.databasechangelog
2026-06-06 20:40:12 [main] INFO  liquibase.util [Req:] [Tenant:] [User:] - UPDATE SUMMARY
2026-06-06 20:40:12 [main] INFO  liquibase.util [Req:] [Tenant:] [User:] - Run:                          0
2026-06-06 20:40:12 [main] INFO  liquibase.util [Req:] [Tenant:] [User:] - Previously run:               5
2026-06-06 20:40:12 [main] INFO  liquibase.util [Req:] [Tenant:] [User:] - Filtered out:                 0
2026-06-06 20:40:12 [main] INFO  liquibase.util [Req:] [Tenant:] [User:] - -------------------------------
2026-06-06 20:40:12 [main] INFO  liquibase.util [Req:] [Tenant:] [User:] - Total change sets:            5
2026-06-06 20:40:12 [main] INFO  liquibase.util [Req:] [Tenant:] [User:] - Update summary generated
2026-06-06 20:40:12 [main] INFO  liquibase.command [Req:] [Tenant:] [User:] - Command execution complete
2026-06-06 20:40:13 [main] INFO  org.hibernate.orm.jpa [Req:] [Tenant:] [User:] - HHH008540: Processing PersistenceUnitInfo [name: default]
2026-06-06 20:40:13 [main] INFO  org.hibernate.orm.core [Req:] [Tenant:] [User:] - HHH000001: Hibernate ORM core version 7.2.12.Final
2026-06-06 20:40:13 [main] INFO  o.s.o.j.p.SpringPersistenceUnitInfo [Req:] [Tenant:] [User:] - No LoadTimeWeaver setup: ignoring JPA class transformer
2026-06-06 20:40:13 [main] INFO  o.hibernate.orm.connections.pooling [Req:] [Tenant:] [User:] - HHH10001005: Database info:
	Database JDBC URL [jdbc:postgresql://localhost:5433/cruddb]
	Database driver: PostgreSQL JDBC Driver
	Database dialect: PostgreSQLDialect
	Database version: 15.17
	Default catalog/schema: cruddb/public
	Autocommit mode: undefined/unknown
	Isolation level: READ_COMMITTED [default READ_COMMITTED]
	JDBC fetch size: none
	Pool: DataSourceConnectionProvider
	Minimum pool size: undefined/unknown
	Maximum pool size: undefined/unknown
2026-06-06 20:40:15 [main] INFO  org.hibernate.orm.core [Req:] [Tenant:] [User:] - HHH000489: No JTA platform available (set 'hibernate.transaction.jta.platform' to enable JTA platform integration)
2026-06-06 20:40:15 [main] INFO  o.s.o.j.LocalContainerEntityManagerFactoryBean [Req:] [Tenant:] [User:] - Initialized JPA EntityManagerFactory for persistence unit 'default'
2026-06-06 20:40:15 [main] INFO  c.org73n37.crudapp.logic.CrudEngine [Req:] [Tenant:] [User:] - Registered interceptor ProductInterceptor for entity Product
2026-06-06 20:40:15 [main] INFO  c.org73n37.crudapp.logic.CrudEngine [Req:] [Tenant:] [User:] - 🚀 Registering dynamic resource: [Product] at path [/api/products]
2026-06-06 20:40:15 [main] INFO  o.s.b.s.a.ReactiveUserDetailsServiceAutoConfiguration [Req:] [Tenant:] [User:] - 

Using generated security password: 40a22644-58c9-4a15-9642-54773734e542

2026-06-06 20:40:16 [main] INFO  o.s.b.reactor.netty.NettyWebServer [Req:] [Tenant:] [User:] - Netty started on port 58823 (http)
2026-06-06 20:40:16 [main] INFO  c.o.crudapp.CrudAppIntegrationTest [Req:] [Tenant:] [User:] - Started CrudAppIntegrationTest in 9.528 seconds (process running for 12.356)
2026-06-06 20:40:17 [parallel-1] WARN  c.o.c.i.security.ReactiveJwtFilter [Req:] [Tenant:] [User:] - [SECURITY EVENT] Action=AUTHENTICATION_FAILURE Path=/api/products Reason=Missing or invalid Authorization header
2026-06-06 20:40:17 [parallel-2] WARN  c.o.c.i.security.ReactiveJwtFilter [Req:] [Tenant:] [User:] - [SECURITY EVENT] Action=AUTHENTICATION_FAILURE Path=/api/products Reason=The parsed JWT indicates it was signed with the 'HS384' signature algorithm, but the provided sun.security.rsa.RSAPublicKeyImpl key may not be used to verify HS384 signatures.  Because the specified key reflects a specific and expected algorithm, and the JWT does not reflect this algorithm, it is likely that the JWT was not expected and therefore should not be trusted.  Another possibility is that the parser was provided the incorrect signature verification key, but this cannot be assumed for security reasons.
2026-06-06 20:40:17 [parallel-2] DEBUG c.o.c.i.security.ReactiveJwtFilter [Req:] [Tenant:] [User:] - Token verification failure details
io.jsonwebtoken.UnsupportedJwtException: The parsed JWT indicates it was signed with the 'HS384' signature algorithm, but the provided sun.security.rsa.RSAPublicKeyImpl key may not be used to verify HS384 signatures.  Because the specified key reflects a specific and expected algorithm, and the JWT does not reflect this algorithm, it is likely that the JWT was not expected and therefore should not be trusted.  Another possibility is that the parser was provided the incorrect signature verification key, but this cannot be assumed for security reasons.
	at io.jsonwebtoken.impl.DefaultJwtParser.verifySignature(DefaultJwtParser.java:353)
	at io.jsonwebtoken.impl.DefaultJwtParser.parse(DefaultJwtParser.java:576)
	at io.jsonwebtoken.impl.DefaultJwtParser.parse(DefaultJwtParser.java:364)
	at io.jsonwebtoken.impl.DefaultJwtParser.parse(DefaultJwtParser.java:94)
	at io.jsonwebtoken.impl.io.AbstractParser.parse(AbstractParser.java:36)
	at io.jsonwebtoken.impl.io.AbstractParser.parse(AbstractParser.java:29)
	at io.jsonwebtoken.impl.DefaultJwtParser.parseSignedClaims(DefaultJwtParser.java:827)
	at com.org73n37.crudapp.infrastructure.security.ReactiveJwtFilter.filter(ReactiveJwtFilter.java:105)
	at org.springframework.web.server.handler.DefaultWebFilterChain.invokeFilter(DefaultWebFilterChain.java:111)
	at org.springframework.web.server.handler.DefaultWebFilterChain.lambda$filter$0(DefaultWebFilterChain.java:106)
	at reactor.core.publisher.MonoDefer.subscribe(MonoDefer.java:46)
	at reactor.core.publisher.MonoDefer.subscribe(MonoDefer.java:54)
	at reactor.core.publisher.Mono.subscribe(Mono.java:4569)
	at reactor.core.publisher.FluxSwitchIfEmpty$SwitchIfEmptySubscriber.onComplete(FluxSwitchIfEmpty.java:83)
	at reactor.core.publisher.MonoPeekTerminal$MonoTerminalPeekSubscriber.onComplete(MonoPeekTerminal.java:303)
	at reactor.core.publisher.MonoPeekTerminal$MonoTerminalPeekSubscriber.onComplete(MonoPeekTerminal.java:303)
	at reactor.core.publisher.MonoFlatMap$FlatMapMain.onNext(MonoFlatMap.java:155)
	at reactor.core.publisher.FluxSwitchIfEmpty$SwitchIfEmptySubscriber.onNext(FluxSwitchIfEmpty.java:75)
	at reactor.core.publisher.FluxFilter$FilterSubscriber.onNext(FluxFilter.java:114)
	at reactor.core.publisher.FluxSwitchIfEmpty$SwitchIfEmptySubscriber.onNext(FluxSwitchIfEmpty.java:75)
	at reactor.core.publisher.MonoNext$NextSubscriber.onNext(MonoNext.java:83)
	at reactor.core.publisher.FluxConcatMapNoPrefetch$FluxConcatMapNoPrefetchSubscriber.innerNext(FluxConcatMapNoPrefetch.java:258)
	at reactor.core.publisher.FluxConcatMap$ConcatMapInner.onNext(FluxConcatMap.java:868)
	at reactor.core.publisher.MonoFlatMap$FlatMapMain.onNext(MonoFlatMap.java:158)
	at reactor.core.publisher.FluxMapFuseable$MapFuseableSubscriber.onNext(FluxMapFuseable.java:130)
	at reactor.core.publisher.FluxFilterFuseable$FilterFuseableSubscriber.onNext(FluxFilterFuseable.java:119)
	at reactor.core.publisher.Operators$ScalarSubscription.request(Operators.java:2564)
	at reactor.core.publisher.FluxFilterFuseable$FilterFuseableSubscriber.request(FluxFilterFuseable.java:191)
	at reactor.core.publisher.FluxMapFuseable$MapFuseableSubscriber.request(FluxMapFuseable.java:172)
	at reactor.core.publisher.MonoFlatMap$FlatMapMain.request(MonoFlatMap.java:194)
	at reactor.core.publisher.Operators$MultiSubscriptionSubscriber.request(Operators.java:2325)
	at reactor.core.publisher.FluxConcatMapNoPrefetch$FluxConcatMapNoPrefetchSubscriber.request(FluxConcatMapNoPrefetch.java:338)
	at reactor.core.publisher.MonoNext$NextSubscriber.request(MonoNext.java:109)
	at reactor.core.publisher.Operators$MultiSubscriptionSubscriber.set(Operators.java:2361)
	at reactor.core.publisher.Operators$MultiSubscriptionSubscriber.onSubscribe(Operators.java:2235)
	at reactor.core.publisher.MonoNext$NextSubscriber.onSubscribe(MonoNext.java:71)
	at reactor.core.publisher.FluxConcatMapNoPrefetch$FluxConcatMapNoPrefetchSubscriber.onSubscribe(FluxConcatMapNoPrefetch.java:163)
	at reactor.core.publisher.FluxIterable.subscribe(FluxIterable.java:200)
	at reactor.core.publisher.FluxIterable.subscribe(FluxIterable.java:82)
	at reactor.core.publisher.InternalMonoOperator.subscribe(InternalMonoOperator.java:75)
	at reactor.core.publisher.MonoDefer.subscribe(MonoDefer.java:54)
	at reactor.core.publisher.InternalMonoOperator.subscribe(InternalMonoOperator.java:75)
	at reactor.core.publisher.MonoDefer.subscribe(MonoDefer.java:54)
	at reactor.core.publisher.Mono.subscribe(Mono.java:4569)
	at reactor.core.publisher.MonoIgnoreThen$ThenIgnoreMain.subscribeNext(MonoIgnoreThen.java:268)
	at reactor.core.publisher.MonoIgnoreThen.subscribe(MonoIgnoreThen.java:51)
	at reactor.core.publisher.Mono.subscribe(Mono.java:4569)
	at reactor.core.publisher.FluxSwitchIfEmpty$SwitchIfEmptySubscriber.onComplete(FluxSwitchIfEmpty.java:83)
	at reactor.core.publisher.FluxFilter$FilterSubscriber.onComplete(FluxFilter.java:167)
	at reactor.core.publisher.FluxPeekFuseable$PeekConditionalSubscriber.onComplete(FluxPeekFuseable.java:936)
	at reactor.core.publisher.FluxSwitchIfEmpty$SwitchIfEmptySubscriber.onComplete(FluxSwitchIfEmpty.java:86)
	at reactor.core.publisher.Operators$ScalarSubscription.request(Operators.java:2566)
	at reactor.core.publisher.Operators$MultiSubscriptionSubscriber.set(Operators.java:2361)
	at reactor.core.publisher.Operators$MultiSubscriptionSubscriber.onSubscribe(Operators.java:2235)
	at reactor.core.publisher.MonoJust.subscribe(MonoJust.java:56)
	at reactor.core.publisher.Mono.subscribe(Mono.java:4569)
	at reactor.core.publisher.FluxSwitchIfEmpty$SwitchIfEmptySubscriber.onComplete(FluxSwitchIfEmpty.java:83)
	at reactor.core.publisher.MonoNext$NextSubscriber.onComplete(MonoNext.java:103)
	at reactor.core.publisher.FluxFilter$FilterSubscriber.onComplete(FluxFilter.java:167)
	at reactor.core.publisher.FluxFlatMap$FlatMapMain.checkTerminated(FluxFlatMap.java:851)
	at reactor.core.publisher.FluxFlatMap$FlatMapMain.drainLoop(FluxFlatMap.java:613)
	at reactor.core.publisher.FluxFlatMap$FlatMapMain.drain(FluxFlatMap.java:593)
	at reactor.core.publisher.FluxFlatMap$FlatMapMain.onComplete(FluxFlatMap.java:470)
	at reactor.core.publisher.FluxPeekFuseable$PeekFuseableSubscriber.onComplete(FluxPeekFuseable.java:278)
	at reactor.core.publisher.FluxIterable$IterableSubscription.slowPath(FluxIterable.java:357)
	at reactor.core.publisher.FluxIterable$IterableSubscription.request(FluxIterable.java:294)
	at reactor.core.publisher.FluxPeekFuseable$PeekFuseableSubscriber.request(FluxPeekFuseable.java:144)
	at reactor.core.publisher.FluxFlatMap$FlatMapMain.onSubscribe(FluxFlatMap.java:374)
	at reactor.core.publisher.FluxPeekFuseable$PeekFuseableSubscriber.onSubscribe(FluxPeekFuseable.java:178)
	at reactor.core.publisher.FluxIterable.subscribe(FluxIterable.java:200)
	at reactor.core.publisher.FluxIterable.subscribe(FluxIterable.java:82)
	at reactor.core.publisher.InternalMonoOperator.subscribe(InternalMonoOperator.java:75)
	at reactor.core.publisher.MonoDefer.subscribe(MonoDefer.java:54)
	at reactor.core.publisher.MonoFlatMap$FlatMapMain.onNext(MonoFlatMap.java:165)
	at reactor.core.publisher.Operators$BaseFluxToMonoOperator.completePossiblyEmpty(Operators.java:2093)
	at reactor.core.publisher.FluxDefaultIfEmpty$DefaultIfEmptySubscriber.onComplete(FluxDefaultIfEmpty.java:134)
	at reactor.core.publisher.FluxMap$MapSubscriber.onComplete(FluxMap.java:144)
	at reactor.core.publisher.FluxMap$MapSubscriber.onComplete(FluxMap.java:144)
	at reactor.core.publisher.FluxFilter$FilterSubscriber.onComplete(FluxFilter.java:167)
	at reactor.core.publisher.FluxMap$MapConditionalSubscriber.onComplete(FluxMap.java:275)
	at reactor.core.publisher.Operators$MonoSubscriber.complete(Operators.java:1862)
	at reactor.core.publisher.MonoCacheTime$CoordinatorSubscriber.signalCached(MonoCacheTime.java:353)
	at reactor.core.publisher.MonoCacheTime$CoordinatorSubscriber.onNext(MonoCacheTime.java:372)
	at reactor.core.publisher.FluxPeek$PeekSubscriber.onNext(FluxPeek.java:203)
	at reactor.core.publisher.FluxSwitchIfEmpty$SwitchIfEmptySubscriber.onNext(FluxSwitchIfEmpty.java:75)
	at reactor.core.publisher.MonoPeekTerminal$MonoTerminalPeekSubscriber.onNext(MonoPeekTerminal.java:184)
	at reactor.core.publisher.MonoPublishOn$PublishOnSubscriber.run(MonoPublishOn.java:181)
	at reactor.core.scheduler.SchedulerTask.call(SchedulerTask.java:72)
	at reactor.core.scheduler.SchedulerTask.call(SchedulerTask.java:28)
	at java.base/java.util.concurrent.FutureTask.run(FutureTask.java:328)
	at java.base/java.util.concurrent.ScheduledThreadPoolExecutor$ScheduledFutureTask.run(ScheduledThreadPoolExecutor.java:309)
	at java.base/java.util.concurrent.ThreadPoolExecutor.runWorker(ThreadPoolExecutor.java:1090)
	at java.base/java.util.concurrent.ThreadPoolExecutor$Worker.run(ThreadPoolExecutor.java:614)
	at java.base/java.lang.Thread.run(Thread.java:1474)
Caused by: io.jsonwebtoken.security.InvalidKeyException: MAC verification keys must be SecretKey instances.  Specified key is of type sun.security.rsa.RSAPublicKeyImpl
	at io.jsonwebtoken.impl.security.DefaultMacAlgorithm.validateKey(DefaultMacAlgorithm.java:161)
	at io.jsonwebtoken.impl.security.AbstractSecureDigestAlgorithm.verify(AbstractSecureDigestAlgorithm.java:67)
	at io.jsonwebtoken.impl.security.AbstractSecureDigestAlgorithm.verify(AbstractSecureDigestAlgorithm.java:29)
	at io.jsonwebtoken.impl.DefaultJwtParser.verifySignature(DefaultJwtParser.java:337)
	... 93 common frames omitted
2026-06-06 20:40:18 [boundedElastic-1] DEBUG org.hibernate.SQL [Req:cb4fb590-7130-4fff-a0c2-3160071171ea] [Tenant:default] [User:admin-user] - 
    
SET
    LOCAL app.current_tenant = 'default'
2026-06-06 20:40:18 [boundedElastic-1] DEBUG org.hibernate.SQL [Req:cb4fb590-7130-4fff-a0c2-3160071171ea] [Tenant:default] [User:admin-user] - 
    insert 
    into
        baseentity
        (created_by, created_date, last_modified_by, last_modified_date, parent_id, tenant_id, version) 
    values
        (?, ?, ?, ?, ?, ?, ?)
2026-06-06 20:40:18 [boundedElastic-1] DEBUG org.hibernate.SQL [Req:cb4fb590-7130-4fff-a0c2-3160071171ea] [Tenant:default] [User:admin-user] - 
    insert 
    into
        product
        (description, name, price, id) 
    values
        (?, ?, ?, ?)
2026-06-06 20:40:18 [boundedElastic-1] INFO  c.o.c.api.UniversalCrudController [Req:cb4fb590-7130-4fff-a0c2-3160071171ea] [Tenant:default] [User:admin-user] - [AUDIT MUTATION] Action=CREATE Resource=products User=admin-user Tenant=default RecordID=123
2026-06-06 20:40:18 [boundedElastic-1] DEBUG org.hibernate.SQL [Req:cc66fddc-35e3-40b4-8621-55fa07c3e829] [Tenant:default] [User:admin-user] - 
    
SET
    LOCAL app.current_tenant = 'default'
2026-06-06 20:40:18 [boundedElastic-1] DEBUG org.hibernate.SQL [Req:cc66fddc-35e3-40b4-8621-55fa07c3e829] [Tenant:default] [User:admin-user] - 
    insert 
    into
        baseentity
        (created_by, created_date, last_modified_by, last_modified_date, parent_id, tenant_id, version) 
    values
        (?, ?, ?, ?, ?, ?, ?)
2026-06-06 20:40:18 [boundedElastic-1] DEBUG org.hibernate.SQL [Req:cc66fddc-35e3-40b4-8621-55fa07c3e829] [Tenant:default] [User:admin-user] - 
    insert 
    into
        product
        (description, name, price, id) 
    values
        (?, ?, ?, ?)
2026-06-06 20:40:18 [boundedElastic-1] INFO  c.o.c.api.UniversalCrudController [Req:cc66fddc-35e3-40b4-8621-55fa07c3e829] [Tenant:default] [User:admin-user] - [AUDIT MUTATION] Action=CREATE Resource=products User=admin-user Tenant=default RecordID=124
2026-06-06 20:40:18 [boundedElastic-1] DEBUG org.hibernate.SQL [Req:467237de-5395-4910-9f1a-3084a78c1862] [Tenant:default] [User:admin-user] - 
    
SET
    LOCAL app.current_tenant = 'default'
2026-06-06 20:40:18 [boundedElastic-1] WARN  org.hibernate.orm.query [Req:467237de-5395-4910-9f1a-3084a78c1862] [Tenant:default] [User:admin-user] - HHH90003004: firstResult/maxResults specified with collection fetch; applying in memory
2026-06-06 20:40:18 [boundedElastic-1] DEBUG org.hibernate.SQL [Req:467237de-5395-4910-9f1a-3084a78c1862] [Tenant:default] [User:admin-user] - 
    select
        p1_0.id,
        a1_0.entity_id,
        a1_0.attribute_key,
        a1_0.attribute_value,
        p1_1.created_by,
        p1_1.created_date,
        p1_1.last_modified_by,
        p1_1.last_modified_date,
        p1_1.parent_id,
        p1_1.tenant_id,
        p1_1.version,
        p1_0.description,
        p1_0.name,
        p1_0.price 
    from
        product p1_0 
    join
        baseentity p1_1 
            on p1_0.id=p1_1.id 
    left join
        entity_attributes a1_0 
            on p1_1.id=a1_0.entity_id 
    where
        p1_1.tenant_id=? 
    order by
        p1_0.price desc
2026-06-06 20:40:19 [boundedElastic-1] DEBUG org.hibernate.SQL [Req:467237de-5395-4910-9f1a-3084a78c1862] [Tenant:default] [User:admin-user] - 
    select
        count(p1_0.id) 
    from
        product p1_0 
    join
        baseentity p1_1 
            on p1_0.id=p1_1.id 
    where
        p1_1.tenant_id=?
2026-06-06 20:40:19 [boundedElastic-1] DEBUG org.hibernate.SQL [Req:a87de5cd-a4a0-4821-94ab-22782db8de64] [Tenant:default] [User:admin-user] - 
    
SET
    LOCAL app.current_tenant = 'default'
2026-06-06 20:40:19 [boundedElastic-1] WARN  org.hibernate.orm.query [Req:a87de5cd-a4a0-4821-94ab-22782db8de64] [Tenant:default] [User:admin-user] - HHH90003004: firstResult/maxResults specified with collection fetch; applying in memory
2026-06-06 20:40:19 [boundedElastic-1] DEBUG org.hibernate.SQL [Req:a87de5cd-a4a0-4821-94ab-22782db8de64] [Tenant:default] [User:admin-user] - 
    select
        p1_0.id,
        a1_0.entity_id,
        a1_0.attribute_key,
        a1_0.attribute_value,
        p1_1.created_by,
        p1_1.created_date,
        p1_1.last_modified_by,
        p1_1.last_modified_date,
        p1_1.parent_id,
        p1_1.tenant_id,
        p1_1.version,
        p1_0.description,
        p1_0.name,
        p1_0.price 
    from
        product p1_0 
    join
        baseentity p1_1 
            on p1_0.id=p1_1.id 
    left join
        entity_attributes a1_0 
            on p1_1.id=a1_0.entity_id 
    where
        p1_1.tenant_id=? 
        and p1_0.price>?
2026-06-06 20:40:19 [boundedElastic-1] DEBUG org.hibernate.SQL [Req:a87de5cd-a4a0-4821-94ab-22782db8de64] [Tenant:default] [User:admin-user] - 
    select
        count(p1_0.id) 
    from
        product p1_0 
    join
        baseentity p1_1 
            on p1_0.id=p1_1.id 
    where
        p1_1.tenant_id=?
2026-06-06 20:40:19 [boundedElastic-1] DEBUG org.hibernate.SQL [Req:5de97331-d66a-4bbd-b9b2-3d32b746c6d3] [Tenant:tenant-a] [User:user-a] - 
    
SET
    LOCAL app.current_tenant = 'tenant-a'
2026-06-06 20:40:19 [boundedElastic-1] DEBUG org.hibernate.SQL [Req:5de97331-d66a-4bbd-b9b2-3d32b746c6d3] [Tenant:tenant-a] [User:user-a] - 
    insert 
    into
        baseentity
        (created_by, created_date, last_modified_by, last_modified_date, parent_id, tenant_id, version) 
    values
        (?, ?, ?, ?, ?, ?, ?)
2026-06-06 20:40:19 [boundedElastic-1] DEBUG org.hibernate.SQL [Req:5de97331-d66a-4bbd-b9b2-3d32b746c6d3] [Tenant:tenant-a] [User:user-a] - 
    insert 
    into
        product
        (description, name, price, id) 
    values
        (?, ?, ?, ?)
2026-06-06 20:40:19 [boundedElastic-1] INFO  c.o.c.api.UniversalCrudController [Req:5de97331-d66a-4bbd-b9b2-3d32b746c6d3] [Tenant:tenant-a] [User:user-a] - [AUDIT MUTATION] Action=CREATE Resource=products User=user-a Tenant=tenant-a RecordID=125
2026-06-06 20:40:19 [boundedElastic-1] DEBUG org.hibernate.SQL [Req:5de97331-d66a-4bbd-b9b2-3d32b746c6d3] [Tenant:tenant-a] [User:user-a] - 
    insert 
    into
        entity_attributes
        (entity_id, attribute_key, attribute_value) 
    values
        (?, ?, ?)
2026-06-06 20:40:19 [boundedElastic-1] DEBUG org.hibernate.SQL [Req:5de97331-d66a-4bbd-b9b2-3d32b746c6d3] [Tenant:tenant-a] [User:user-a] - 
    insert 
    into
        entity_attributes
        (entity_id, attribute_key, attribute_value) 
    values
        (?, ?, ?)
2026-06-06 20:40:19 [boundedElastic-1] DEBUG org.hibernate.SQL [Req:ae95f960-1c38-45f9-8a15-f0cc1089d079] [Tenant:tenant-b] [User:user-b] - 
    
SET
    LOCAL app.current_tenant = 'tenant-b'
2026-06-06 20:40:19 [boundedElastic-1] WARN  org.hibernate.orm.query [Req:ae95f960-1c38-45f9-8a15-f0cc1089d079] [Tenant:tenant-b] [User:user-b] - HHH90003004: firstResult/maxResults specified with collection fetch; applying in memory
2026-06-06 20:40:19 [boundedElastic-1] DEBUG org.hibernate.SQL [Req:ae95f960-1c38-45f9-8a15-f0cc1089d079] [Tenant:tenant-b] [User:user-b] - 
    select
        p1_0.id,
        a1_0.entity_id,
        a1_0.attribute_key,
        a1_0.attribute_value,
        p1_1.created_by,
        p1_1.created_date,
        p1_1.last_modified_by,
        p1_1.last_modified_date,
        p1_1.parent_id,
        p1_1.tenant_id,
        p1_1.version,
        p1_0.description,
        p1_0.name,
        p1_0.price 
    from
        product p1_0 
    join
        baseentity p1_1 
            on p1_0.id=p1_1.id 
    left join
        entity_attributes a1_0 
            on p1_1.id=a1_0.entity_id 
    where
        p1_1.tenant_id=?
2026-06-06 20:40:19 [boundedElastic-1] DEBUG org.hibernate.SQL [Req:ae95f960-1c38-45f9-8a15-f0cc1089d079] [Tenant:tenant-b] [User:user-b] - 
    select
        count(p1_0.id) 
    from
        product p1_0 
    join
        baseentity p1_1 
            on p1_0.id=p1_1.id 
    where
        p1_1.tenant_id=?
2026-06-06 20:40:19 [boundedElastic-1] DEBUG org.hibernate.SQL [Req:bfa39bf2-2d18-4eff-9599-114bb0cb1d07] [Tenant:tenant-b] [User:user-b] - 
    
SET
    LOCAL app.current_tenant = 'tenant-b'
2026-06-06 20:40:19 [boundedElastic-1] DEBUG org.hibernate.SQL [Req:bfa39bf2-2d18-4eff-9599-114bb0cb1d07] [Tenant:tenant-b] [User:user-b] - 
    select
        p1_0.id,
        a1_0.entity_id,
        a1_0.attribute_key,
        a1_0.attribute_value,
        p1_1.created_by,
        p1_1.created_date,
        p1_1.last_modified_by,
        p1_1.last_modified_date,
        p1_1.parent_id,
        p1_1.tenant_id,
        p1_1.version,
        p1_0.description,
        p1_0.name,
        p1_0.price 
    from
        product p1_0 
    join
        baseentity p1_1 
            on p1_0.id=p1_1.id 
    left join
        entity_attributes a1_0 
            on p1_1.id=a1_0.entity_id 
    where
        p1_0.id=?
2026-06-06 20:40:19 [parallel-10] DEBUG c.o.c.api.UniversalCrudController [Req:] [Tenant:] [User:] - 🔍 Fetching global metadata
2026-06-06 20:40:19 [parallel-11] DEBUG c.o.c.api.UniversalCrudController [Req:] [Tenant:] [User:] - 🔍 Fetching global metadata
2026-06-06 20:40:19 [parallel-12] DEBUG c.o.c.api.UniversalCrudController [Req:] [Tenant:] [User:] - 🔍 Fetching global metadata
2026-06-06 20:40:19 [boundedElastic-1] DEBUG org.hibernate.SQL [Req:e141d947-e629-4ebd-afdf-9769b8521131] [Tenant:default] [User:admin-user] - 
    
SET
    LOCAL app.current_tenant = 'default'
2026-06-06 20:40:19 [boundedElastic-1] WARN  org.hibernate.orm.query [Req:e141d947-e629-4ebd-afdf-9769b8521131] [Tenant:default] [User:admin-user] - HHH90003004: firstResult/maxResults specified with collection fetch; applying in memory
2026-06-06 20:40:19 [boundedElastic-1] DEBUG org.hibernate.SQL [Req:e141d947-e629-4ebd-afdf-9769b8521131] [Tenant:default] [User:admin-user] - 
    select
        p1_0.id,
        a1_0.entity_id,
        a1_0.attribute_key,
        a1_0.attribute_value,
        p1_1.created_by,
        p1_1.created_date,
        p1_1.last_modified_by,
        p1_1.last_modified_date,
        p1_1.parent_id,
        p1_1.tenant_id,
        p1_1.version,
        p1_0.description,
        p1_0.name,
        p1_0.price 
    from
        product p1_0 
    join
        baseentity p1_1 
            on p1_0.id=p1_1.id 
    left join
        entity_attributes a1_0 
            on p1_1.id=a1_0.entity_id 
    where
        p1_1.tenant_id=?
2026-06-06 20:40:19 [boundedElastic-1] DEBUG org.hibernate.SQL [Req:e141d947-e629-4ebd-afdf-9769b8521131] [Tenant:default] [User:admin-user] - 
    select
        count(p1_0.id) 
    from
        product p1_0 
    join
        baseentity p1_1 
            on p1_0.id=p1_1.id 
    where
        p1_1.tenant_id=?
2026-06-06 20:40:19 [boundedElastic-1] DEBUG org.hibernate.SQL [Req:c44d722a-027e-4d92-ac35-ced2116c1c2a] [Tenant:default] [User:admin-user] - 
    
SET
    LOCAL app.current_tenant = 'default'
2026-06-06 20:40:19 [boundedElastic-1] DEBUG org.hibernate.SQL [Req:c44d722a-027e-4d92-ac35-ced2116c1c2a] [Tenant:default] [User:admin-user] - 
    insert 
    into
        baseentity
        (created_by, created_date, last_modified_by, last_modified_date, parent_id, tenant_id, version) 
    values
        (?, ?, ?, ?, ?, ?, ?)
2026-06-06 20:40:19 [boundedElastic-1] DEBUG org.hibernate.SQL [Req:c44d722a-027e-4d92-ac35-ced2116c1c2a] [Tenant:default] [User:admin-user] - 
    insert 
    into
        product
        (description, name, price, id) 
    values
        (?, ?, ?, ?)
2026-06-06 20:40:19 [boundedElastic-1] INFO  c.o.c.api.UniversalCrudController [Req:c44d722a-027e-4d92-ac35-ced2116c1c2a] [Tenant:default] [User:admin-user] - [AUDIT MUTATION] Action=CREATE Resource=products User=admin-user Tenant=default RecordID=126
2026-06-06 20:40:19 [boundedElastic-1] DEBUG org.hibernate.SQL [Req:3aec20e6-2a19-434f-b1c0-4b312d304077] [Tenant:default] [User:admin-user] - 
    
SET
    LOCAL app.current_tenant = 'default'
2026-06-06 20:40:19 [boundedElastic-1] DEBUG org.hibernate.SQL [Req:3aec20e6-2a19-434f-b1c0-4b312d304077] [Tenant:default] [User:admin-user] - 
    insert 
    into
        baseentity
        (created_by, created_date, last_modified_by, last_modified_date, parent_id, tenant_id, version) 
    values
        (?, ?, ?, ?, ?, ?, ?)
2026-06-06 20:40:19 [boundedElastic-1] DEBUG org.hibernate.SQL [Req:3aec20e6-2a19-434f-b1c0-4b312d304077] [Tenant:default] [User:admin-user] - 
    insert 
    into
        product
        (description, name, price, id) 
    values
        (?, ?, ?, ?)
2026-06-06 20:40:19 [boundedElastic-1] INFO  c.o.c.api.UniversalCrudController [Req:3aec20e6-2a19-434f-b1c0-4b312d304077] [Tenant:default] [User:admin-user] - [AUDIT MUTATION] Action=CREATE Resource=products User=admin-user Tenant=default RecordID=127
2026-06-06 20:40:19 [parallel-18] DEBUG c.o.c.api.UniversalCrudController [Req:] [Tenant:] [User:] - 🔍 Fetching global metadata
2026-06-06 20:40:19 [parallel-21] WARN  c.o.c.i.security.ReactiveJwtFilter [Req:] [Tenant:] [User:] - [SECURITY EVENT] Action=ACCESS_DENIED Resource=products User=guest-user Tenant=default Reason=Insufficient privileges
2026-06-06 20:40:19 [boundedElastic-1] DEBUG org.hibernate.SQL [Req:7b3094cf-140b-485b-807a-89a834bd50d5] [Tenant:default] [User:admin-user] - 
    
SET
    LOCAL app.current_tenant = 'default'
2026-06-06 20:40:20 [boundedElastic-1] WARN  org.hibernate.orm.query [Req:7b3094cf-140b-485b-807a-89a834bd50d5] [Tenant:default] [User:admin-user] - HHH90003004: firstResult/maxResults specified with collection fetch; applying in memory
2026-06-06 20:40:20 [boundedElastic-1] DEBUG org.hibernate.SQL [Req:7b3094cf-140b-485b-807a-89a834bd50d5] [Tenant:default] [User:admin-user] - 
    select
        p1_0.id,
        a1_0.entity_id,
        a1_0.attribute_key,
        a1_0.attribute_value,
        p1_1.created_by,
        p1_1.created_date,
        p1_1.last_modified_by,
        p1_1.last_modified_date,
        p1_1.parent_id,
        p1_1.tenant_id,
        p1_1.version,
        p1_0.description,
        p1_0.name,
        p1_0.price 
    from
        product p1_0 
    join
        baseentity p1_1 
            on p1_0.id=p1_1.id 
    left join
        entity_attributes a1_0 
            on p1_1.id=a1_0.entity_id 
    where
        p1_1.tenant_id=?
2026-06-06 20:40:20 [boundedElastic-1] DEBUG org.hibernate.SQL [Req:7b3094cf-140b-485b-807a-89a834bd50d5] [Tenant:default] [User:admin-user] - 
    select
        count(p1_0.id) 
    from
        product p1_0 
    join
        baseentity p1_1 
            on p1_0.id=p1_1.id 
    where
        p1_1.tenant_id=?
2026-06-06 20:40:20 [boundedElastic-1] DEBUG org.hibernate.SQL [Req:71976f38-1efc-468d-8c11-9c4fc1150423] [Tenant:default] [User:admin-user] - 
    
SET
    LOCAL app.current_tenant = 'default'
2026-06-06 20:40:20 [boundedElastic-1] WARN  org.hibernate.orm.query [Req:71976f38-1efc-468d-8c11-9c4fc1150423] [Tenant:default] [User:admin-user] - HHH90003004: firstResult/maxResults specified with collection fetch; applying in memory
2026-06-06 20:40:20 [boundedElastic-1] DEBUG org.hibernate.SQL [Req:71976f38-1efc-468d-8c11-9c4fc1150423] [Tenant:default] [User:admin-user] - 
    select
        p1_0.id,
        a1_0.entity_id,
        a1_0.attribute_key,
        a1_0.attribute_value,
        p1_1.created_by,
        p1_1.created_date,
        p1_1.last_modified_by,
        p1_1.last_modified_date,
        p1_1.parent_id,
        p1_1.tenant_id,
        p1_1.version,
        p1_0.description,
        p1_0.name,
        p1_0.price 
    from
        product p1_0 
    join
        baseentity p1_1 
            on p1_0.id=p1_1.id 
    left join
        entity_attributes a1_0 
            on p1_1.id=a1_0.entity_id 
    where
        p1_1.tenant_id=?
2026-06-06 20:40:20 [boundedElastic-1] DEBUG org.hibernate.SQL [Req:71976f38-1efc-468d-8c11-9c4fc1150423] [Tenant:default] [User:admin-user] - 
    select
        count(p1_0.id) 
    from
        product p1_0 
    join
        baseentity p1_1 
            on p1_0.id=p1_1.id 
    where
        p1_1.tenant_id=?
2026-06-06 20:40:20 [boundedElastic-1] DEBUG org.hibernate.SQL [Req:4f37b172-7dc9-4a88-9d6a-93cd3eb7a0e4] [Tenant:default] [User:admin-user] - 
    
SET
    LOCAL app.current_tenant = 'default'
2026-06-06 20:40:20 [boundedElastic-1] WARN  org.hibernate.orm.query [Req:4f37b172-7dc9-4a88-9d6a-93cd3eb7a0e4] [Tenant:default] [User:admin-user] - HHH90003004: firstResult/maxResults specified with collection fetch; applying in memory
2026-06-06 20:40:20 [boundedElastic-1] DEBUG org.hibernate.SQL [Req:4f37b172-7dc9-4a88-9d6a-93cd3eb7a0e4] [Tenant:default] [User:admin-user] - 
    select
        p1_0.id,
        a1_0.entity_id,
        a1_0.attribute_key,
        a1_0.attribute_value,
        p1_1.created_by,
        p1_1.created_date,
        p1_1.last_modified_by,
        p1_1.last_modified_date,
        p1_1.parent_id,
        p1_1.tenant_id,
        p1_1.version,
        p1_0.description,
        p1_0.name,
        p1_0.price 
    from
        product p1_0 
    join
        baseentity p1_1 
            on p1_0.id=p1_1.id 
    left join
        entity_attributes a1_0 
            on p1_1.id=a1_0.entity_id 
    where
        p1_1.tenant_id=?
2026-06-06 20:40:20 [boundedElastic-1] DEBUG org.hibernate.SQL [Req:4f37b172-7dc9-4a88-9d6a-93cd3eb7a0e4] [Tenant:default] [User:admin-user] - 
    select
        count(p1_0.id) 
    from
        product p1_0 
    join
        baseentity p1_1 
            on p1_0.id=p1_1.id 
    where
        p1_1.tenant_id=?
2026-06-06 20:40:20 [boundedElastic-1] DEBUG org.hibernate.SQL [Req:79aad67f-5c09-4049-9f67-10c4c51d7916] [Tenant:default] [User:admin-user] - 
    
SET
    LOCAL app.current_tenant = 'default'
2026-06-06 20:40:20 [boundedElastic-1] WARN  org.hibernate.orm.query [Req:79aad67f-5c09-4049-9f67-10c4c51d7916] [Tenant:default] [User:admin-user] - HHH90003004: firstResult/maxResults specified with collection fetch; applying in memory
2026-06-06 20:40:20 [boundedElastic-1] DEBUG org.hibernate.SQL [Req:79aad67f-5c09-4049-9f67-10c4c51d7916] [Tenant:default] [User:admin-user] - 
    select
        p1_0.id,
        a1_0.entity_id,
        a1_0.attribute_key,
        a1_0.attribute_value,
        p1_1.created_by,
        p1_1.created_date,
        p1_1.last_modified_by,
        p1_1.last_modified_date,
        p1_1.parent_id,
        p1_1.tenant_id,
        p1_1.version,
        p1_0.description,
        p1_0.name,
        p1_0.price 
    from
        product p1_0 
    join
        baseentity p1_1 
            on p1_0.id=p1_1.id 
    left join
        entity_attributes a1_0 
            on p1_1.id=a1_0.entity_id 
    where
        p1_1.tenant_id=?
2026-06-06 20:40:20 [boundedElastic-1] DEBUG org.hibernate.SQL [Req:79aad67f-5c09-4049-9f67-10c4c51d7916] [Tenant:default] [User:admin-user] - 
    select
        count(p1_0.id) 
    from
        product p1_0 
    join
        baseentity p1_1 
            on p1_0.id=p1_1.id 
    where
        p1_1.tenant_id=?
2026-06-06 20:40:20 [boundedElastic-1] DEBUG org.hibernate.SQL [Req:09dbc9e5-504b-4601-be22-f190eaa150df] [Tenant:default] [User:admin-user] - 
    
SET
    LOCAL app.current_tenant = 'default'
2026-06-06 20:40:20 [boundedElastic-1] WARN  org.hibernate.orm.query [Req:09dbc9e5-504b-4601-be22-f190eaa150df] [Tenant:default] [User:admin-user] - HHH90003004: firstResult/maxResults specified with collection fetch; applying in memory
2026-06-06 20:40:20 [boundedElastic-1] DEBUG org.hibernate.SQL [Req:09dbc9e5-504b-4601-be22-f190eaa150df] [Tenant:default] [User:admin-user] - 
    select
        p1_0.id,
        a1_0.entity_id,
        a1_0.attribute_key,
        a1_0.attribute_value,
        p1_1.created_by,
        p1_1.created_date,
        p1_1.last_modified_by,
        p1_1.last_modified_date,
        p1_1.parent_id,
        p1_1.tenant_id,
        p1_1.version,
        p1_0.description,
        p1_0.name,
        p1_0.price 
    from
        product p1_0 
    join
        baseentity p1_1 
            on p1_0.id=p1_1.id 
    left join
        entity_attributes a1_0 
            on p1_1.id=a1_0.entity_id 
    where
        p1_1.tenant_id=?
2026-06-06 20:40:20 [boundedElastic-1] DEBUG org.hibernate.SQL [Req:09dbc9e5-504b-4601-be22-f190eaa150df] [Tenant:default] [User:admin-user] - 
    select
        count(p1_0.id) 
    from
        product p1_0 
    join
        baseentity p1_1 
            on p1_0.id=p1_1.id 
    where
        p1_1.tenant_id=?
2026-06-06 20:40:20 [boundedElastic-1] DEBUG org.hibernate.SQL [Req:a797684a-edf2-404c-98e1-a471d1c5708f] [Tenant:default] [User:admin-user] - 
    
SET
    LOCAL app.current_tenant = 'default'
2026-06-06 20:40:20 [boundedElastic-1] WARN  org.hibernate.orm.query [Req:a797684a-edf2-404c-98e1-a471d1c5708f] [Tenant:default] [User:admin-user] - HHH90003004: firstResult/maxResults specified with collection fetch; applying in memory
2026-06-06 20:40:20 [boundedElastic-1] DEBUG org.hibernate.SQL [Req:a797684a-edf2-404c-98e1-a471d1c5708f] [Tenant:default] [User:admin-user] - 
    select
        p1_0.id,
        a1_0.entity_id,
        a1_0.attribute_key,
        a1_0.attribute_value,
        p1_1.created_by,
        p1_1.created_date,
        p1_1.last_modified_by,
        p1_1.last_modified_date,
        p1_1.parent_id,
        p1_1.tenant_id,
        p1_1.version,
        p1_0.description,
        p1_0.name,
        p1_0.price 
    from
        product p1_0 
    join
        baseentity p1_1 
            on p1_0.id=p1_1.id 
    left join
        entity_attributes a1_0 
            on p1_1.id=a1_0.entity_id 
    where
        p1_1.tenant_id=?
2026-06-06 20:40:20 [boundedElastic-1] DEBUG org.hibernate.SQL [Req:a797684a-edf2-404c-98e1-a471d1c5708f] [Tenant:default] [User:admin-user] - 
    select
        count(p1_0.id) 
    from
        product p1_0 
    join
        baseentity p1_1 
            on p1_0.id=p1_1.id 
    where
        p1_1.tenant_id=?
2026-06-06 20:40:20 [boundedElastic-1] DEBUG org.hibernate.SQL [Req:275da58b-8c33-47b8-b55c-caed4dd482db] [Tenant:default] [User:admin-user] - 
    
SET
    LOCAL app.current_tenant = 'default'
2026-06-06 20:40:20 [boundedElastic-1] WARN  org.hibernate.orm.query [Req:275da58b-8c33-47b8-b55c-caed4dd482db] [Tenant:default] [User:admin-user] - HHH90003004: firstResult/maxResults specified with collection fetch; applying in memory
2026-06-06 20:40:20 [boundedElastic-1] DEBUG org.hibernate.SQL [Req:275da58b-8c33-47b8-b55c-caed4dd482db] [Tenant:default] [User:admin-user] - 
    select
        p1_0.id,
        a1_0.entity_id,
        a1_0.attribute_key,
        a1_0.attribute_value,
        p1_1.created_by,
        p1_1.created_date,
        p1_1.last_modified_by,
        p1_1.last_modified_date,
        p1_1.parent_id,
        p1_1.tenant_id,
        p1_1.version,
        p1_0.description,
        p1_0.name,
        p1_0.price 
    from
        product p1_0 
    join
        baseentity p1_1 
            on p1_0.id=p1_1.id 
    left join
        entity_attributes a1_0 
            on p1_1.id=a1_0.entity_id 
    where
        p1_1.tenant_id=?
2026-06-06 20:40:20 [boundedElastic-1] DEBUG org.hibernate.SQL [Req:275da58b-8c33-47b8-b55c-caed4dd482db] [Tenant:default] [User:admin-user] - 
    select
        count(p1_0.id) 
    from
        product p1_0 
    join
        baseentity p1_1 
            on p1_0.id=p1_1.id 
    where
        p1_1.tenant_id=?
2026-06-06 20:40:20 [boundedElastic-1] DEBUG org.hibernate.SQL [Req:3345ce2b-8619-44c6-b6ff-9e3cff5c716a] [Tenant:default] [User:admin-user] - 
    
SET
    LOCAL app.current_tenant = 'default'
2026-06-06 20:40:20 [boundedElastic-1] WARN  org.hibernate.orm.query [Req:3345ce2b-8619-44c6-b6ff-9e3cff5c716a] [Tenant:default] [User:admin-user] - HHH90003004: firstResult/maxResults specified with collection fetch; applying in memory
2026-06-06 20:40:20 [boundedElastic-1] DEBUG org.hibernate.SQL [Req:3345ce2b-8619-44c6-b6ff-9e3cff5c716a] [Tenant:default] [User:admin-user] - 
    select
        p1_0.id,
        a1_0.entity_id,
        a1_0.attribute_key,
        a1_0.attribute_value,
        p1_1.created_by,
        p1_1.created_date,
        p1_1.last_modified_by,
        p1_1.last_modified_date,
        p1_1.parent_id,
        p1_1.tenant_id,
        p1_1.version,
        p1_0.description,
        p1_0.name,
        p1_0.price 
    from
        product p1_0 
    join
        baseentity p1_1 
            on p1_0.id=p1_1.id 
    left join
        entity_attributes a1_0 
            on p1_1.id=a1_0.entity_id 
    where
        p1_1.tenant_id=?
2026-06-06 20:40:20 [boundedElastic-1] DEBUG org.hibernate.SQL [Req:3345ce2b-8619-44c6-b6ff-9e3cff5c716a] [Tenant:default] [User:admin-user] - 
    select
        count(p1_0.id) 
    from
        product p1_0 
    join
        baseentity p1_1 
            on p1_0.id=p1_1.id 
    where
        p1_1.tenant_id=?
2026-06-06 20:40:20 [boundedElastic-1] DEBUG org.hibernate.SQL [Req:a1134328-1d31-4c97-b9fc-a1a2b227cfa6] [Tenant:default] [User:admin-user] - 
    
SET
    LOCAL app.current_tenant = 'default'
2026-06-06 20:40:20 [boundedElastic-1] WARN  org.hibernate.orm.query [Req:a1134328-1d31-4c97-b9fc-a1a2b227cfa6] [Tenant:default] [User:admin-user] - HHH90003004: firstResult/maxResults specified with collection fetch; applying in memory
2026-06-06 20:40:20 [boundedElastic-1] DEBUG org.hibernate.SQL [Req:a1134328-1d31-4c97-b9fc-a1a2b227cfa6] [Tenant:default] [User:admin-user] - 
    select
        p1_0.id,
        a1_0.entity_id,
        a1_0.attribute_key,
        a1_0.attribute_value,
        p1_1.created_by,
        p1_1.created_date,
        p1_1.last_modified_by,
        p1_1.last_modified_date,
        p1_1.parent_id,
        p1_1.tenant_id,
        p1_1.version,
        p1_0.description,
        p1_0.name,
        p1_0.price 
    from
        product p1_0 
    join
        baseentity p1_1 
            on p1_0.id=p1_1.id 
    left join
        entity_attributes a1_0 
            on p1_1.id=a1_0.entity_id 
    where
        p1_1.tenant_id=?
2026-06-06 20:40:20 [boundedElastic-1] DEBUG org.hibernate.SQL [Req:a1134328-1d31-4c97-b9fc-a1a2b227cfa6] [Tenant:default] [User:admin-user] - 
    select
        count(p1_0.id) 
    from
        product p1_0 
    join
        baseentity p1_1 
            on p1_0.id=p1_1.id 
    where
        p1_1.tenant_id=?
2026-06-06 20:40:20 [boundedElastic-1] DEBUG org.hibernate.SQL [Req:5b4a3ad4-b01f-4d95-82c6-ee9d3bf5ccde] [Tenant:default] [User:admin-user] - 
    
SET
    LOCAL app.current_tenant = 'default'
2026-06-06 20:40:20 [boundedElastic-1] WARN  org.hibernate.orm.query [Req:5b4a3ad4-b01f-4d95-82c6-ee9d3bf5ccde] [Tenant:default] [User:admin-user] - HHH90003004: firstResult/maxResults specified with collection fetch; applying in memory
2026-06-06 20:40:20 [boundedElastic-1] DEBUG org.hibernate.SQL [Req:5b4a3ad4-b01f-4d95-82c6-ee9d3bf5ccde] [Tenant:default] [User:admin-user] - 
    select
        p1_0.id,
        a1_0.entity_id,
        a1_0.attribute_key,
        a1_0.attribute_value,
        p1_1.created_by,
        p1_1.created_date,
        p1_1.last_modified_by,
        p1_1.last_modified_date,
        p1_1.parent_id,
        p1_1.tenant_id,
        p1_1.version,
        p1_0.description,
        p1_0.name,
        p1_0.price 
    from
        product p1_0 
    join
        baseentity p1_1 
            on p1_0.id=p1_1.id 
    left join
        entity_attributes a1_0 
            on p1_1.id=a1_0.entity_id 
    where
        p1_1.tenant_id=?
2026-06-06 20:40:20 [boundedElastic-1] DEBUG org.hibernate.SQL [Req:5b4a3ad4-b01f-4d95-82c6-ee9d3bf5ccde] [Tenant:default] [User:admin-user] - 
    select
        count(p1_0.id) 
    from
        product p1_0 
    join
        baseentity p1_1 
            on p1_0.id=p1_1.id 
    where
        p1_1.tenant_id=?
2026-06-06 20:40:20 [boundedElastic-1] DEBUG org.hibernate.SQL [Req:00fe6665-df0a-496a-ab4d-6fab625eaa77] [Tenant:default] [User:admin-user] - 
    
SET
    LOCAL app.current_tenant = 'default'
2026-06-06 20:40:20 [boundedElastic-1] WARN  org.hibernate.orm.query [Req:00fe6665-df0a-496a-ab4d-6fab625eaa77] [Tenant:default] [User:admin-user] - HHH90003004: firstResult/maxResults specified with collection fetch; applying in memory
2026-06-06 20:40:20 [boundedElastic-1] DEBUG org.hibernate.SQL [Req:00fe6665-df0a-496a-ab4d-6fab625eaa77] [Tenant:default] [User:admin-user] - 
    select
        p1_0.id,
        a1_0.entity_id,
        a1_0.attribute_key,
        a1_0.attribute_value,
        p1_1.created_by,
        p1_1.created_date,
        p1_1.last_modified_by,
        p1_1.last_modified_date,
        p1_1.parent_id,
        p1_1.tenant_id,
        p1_1.version,
        p1_0.description,
        p1_0.name,
        p1_0.price 
    from
        product p1_0 
    join
        baseentity p1_1 
            on p1_0.id=p1_1.id 
    left join
        entity_attributes a1_0 
            on p1_1.id=a1_0.entity_id 
    where
        p1_1.tenant_id=?
2026-06-06 20:40:20 [boundedElastic-1] DEBUG org.hibernate.SQL [Req:00fe6665-df0a-496a-ab4d-6fab625eaa77] [Tenant:default] [User:admin-user] - 
    select
        count(p1_0.id) 
    from
        product p1_0 
    join
        baseentity p1_1 
            on p1_0.id=p1_1.id 
    where
        p1_1.tenant_id=?
2026-06-06 20:40:20 [boundedElastic-1] DEBUG org.hibernate.SQL [Req:8d3a47a8-92f9-46a8-9c4b-ccbacfe090c6] [Tenant:default] [User:admin-user] - 
    
SET
    LOCAL app.current_tenant = 'default'
2026-06-06 20:40:20 [boundedElastic-1] WARN  org.hibernate.orm.query [Req:8d3a47a8-92f9-46a8-9c4b-ccbacfe090c6] [Tenant:default] [User:admin-user] - HHH90003004: firstResult/maxResults specified with collection fetch; applying in memory
2026-06-06 20:40:20 [boundedElastic-1] DEBUG org.hibernate.SQL [Req:8d3a47a8-92f9-46a8-9c4b-ccbacfe090c6] [Tenant:default] [User:admin-user] - 
    select
        p1_0.id,
        a1_0.entity_id,
        a1_0.attribute_key,
        a1_0.attribute_value,
        p1_1.created_by,
        p1_1.created_date,
        p1_1.last_modified_by,
        p1_1.last_modified_date,
        p1_1.parent_id,
        p1_1.tenant_id,
        p1_1.version,
        p1_0.description,
        p1_0.name,
        p1_0.price 
    from
        product p1_0 
    join
        baseentity p1_1 
            on p1_0.id=p1_1.id 
    left join
        entity_attributes a1_0 
            on p1_1.id=a1_0.entity_id 
    where
        p1_1.tenant_id=?
2026-06-06 20:40:20 [boundedElastic-1] DEBUG org.hibernate.SQL [Req:8d3a47a8-92f9-46a8-9c4b-ccbacfe090c6] [Tenant:default] [User:admin-user] - 
    select
        count(p1_0.id) 
    from
        product p1_0 
    join
        baseentity p1_1 
            on p1_0.id=p1_1.id 
    where
        p1_1.tenant_id=?
2026-06-06 20:40:20 [boundedElastic-1] DEBUG org.hibernate.SQL [Req:fe35ae7a-c759-4931-b18e-7ba67ee70304] [Tenant:default] [User:admin-user] - 
    
SET
    LOCAL app.current_tenant = 'default'
2026-06-06 20:40:20 [boundedElastic-1] WARN  org.hibernate.orm.query [Req:fe35ae7a-c759-4931-b18e-7ba67ee70304] [Tenant:default] [User:admin-user] - HHH90003004: firstResult/maxResults specified with collection fetch; applying in memory
2026-06-06 20:40:20 [boundedElastic-1] DEBUG org.hibernate.SQL [Req:fe35ae7a-c759-4931-b18e-7ba67ee70304] [Tenant:default] [User:admin-user] - 
    select
        p1_0.id,
        a1_0.entity_id,
        a1_0.attribute_key,
        a1_0.attribute_value,
        p1_1.created_by,
        p1_1.created_date,
        p1_1.last_modified_by,
        p1_1.last_modified_date,
        p1_1.parent_id,
        p1_1.tenant_id,
        p1_1.version,
        p1_0.description,
        p1_0.name,
        p1_0.price 
    from
        product p1_0 
    join
        baseentity p1_1 
            on p1_0.id=p1_1.id 
    left join
        entity_attributes a1_0 
            on p1_1.id=a1_0.entity_id 
    where
        p1_1.tenant_id=?
2026-06-06 20:40:20 [boundedElastic-1] DEBUG org.hibernate.SQL [Req:fe35ae7a-c759-4931-b18e-7ba67ee70304] [Tenant:default] [User:admin-user] - 
    select
        count(p1_0.id) 
    from
        product p1_0 
    join
        baseentity p1_1 
            on p1_0.id=p1_1.id 
    where
        p1_1.tenant_id=?
2026-06-06 20:40:20 [boundedElastic-1] DEBUG org.hibernate.SQL [Req:784943e5-f312-4eea-8c33-6fcb80d275fe] [Tenant:default] [User:admin-user] - 
    
SET
    LOCAL app.current_tenant = 'default'
2026-06-06 20:40:20 [boundedElastic-1] WARN  org.hibernate.orm.query [Req:784943e5-f312-4eea-8c33-6fcb80d275fe] [Tenant:default] [User:admin-user] - HHH90003004: firstResult/maxResults specified with collection fetch; applying in memory
2026-06-06 20:40:20 [boundedElastic-1] DEBUG org.hibernate.SQL [Req:784943e5-f312-4eea-8c33-6fcb80d275fe] [Tenant:default] [User:admin-user] - 
    select
        p1_0.id,
        a1_0.entity_id,
        a1_0.attribute_key,
        a1_0.attribute_value,
        p1_1.created_by,
        p1_1.created_date,
        p1_1.last_modified_by,
        p1_1.last_modified_date,
        p1_1.parent_id,
        p1_1.tenant_id,
        p1_1.version,
        p1_0.description,
        p1_0.name,
        p1_0.price 
    from
        product p1_0 
    join
        baseentity p1_1 
            on p1_0.id=p1_1.id 
    left join
        entity_attributes a1_0 
            on p1_1.id=a1_0.entity_id 
    where
        p1_1.tenant_id=?
2026-06-06 20:40:20 [boundedElastic-1] DEBUG org.hibernate.SQL [Req:784943e5-f312-4eea-8c33-6fcb80d275fe] [Tenant:default] [User:admin-user] - 
    select
        count(p1_0.id) 
    from
        product p1_0 
    join
        baseentity p1_1 
            on p1_0.id=p1_1.id 
    where
        p1_1.tenant_id=?
2026-06-06 20:40:20 [boundedElastic-1] DEBUG org.hibernate.SQL [Req:a2196b81-490c-4f9c-a59e-399077974a7b] [Tenant:default] [User:admin-user] - 
    
SET
    LOCAL app.current_tenant = 'default'
2026-06-06 20:40:20 [boundedElastic-1] WARN  org.hibernate.orm.query [Req:a2196b81-490c-4f9c-a59e-399077974a7b] [Tenant:default] [User:admin-user] - HHH90003004: firstResult/maxResults specified with collection fetch; applying in memory
2026-06-06 20:40:20 [boundedElastic-1] DEBUG org.hibernate.SQL [Req:a2196b81-490c-4f9c-a59e-399077974a7b] [Tenant:default] [User:admin-user] - 
    select
        p1_0.id,
        a1_0.entity_id,
        a1_0.attribute_key,
        a1_0.attribute_value,
        p1_1.created_by,
        p1_1.created_date,
        p1_1.last_modified_by,
        p1_1.last_modified_date,
        p1_1.parent_id,
        p1_1.tenant_id,
        p1_1.version,
        p1_0.description,
        p1_0.name,
        p1_0.price 
    from
        product p1_0 
    join
        baseentity p1_1 
            on p1_0.id=p1_1.id 
    left join
        entity_attributes a1_0 
            on p1_1.id=a1_0.entity_id 
    where
        p1_1.tenant_id=?
2026-06-06 20:40:20 [boundedElastic-1] DEBUG org.hibernate.SQL [Req:a2196b81-490c-4f9c-a59e-399077974a7b] [Tenant:default] [User:admin-user] - 
    select
        count(p1_0.id) 
    from
        product p1_0 
    join
        baseentity p1_1 
            on p1_0.id=p1_1.id 
    where
        p1_1.tenant_id=?
2026-06-06 20:40:20 [boundedElastic-1] DEBUG org.hibernate.SQL [Req:b8eed888-29cf-4866-9d6b-a8a43c0a3551] [Tenant:default] [User:admin-user] - 
    
SET
    LOCAL app.current_tenant = 'default'
2026-06-06 20:40:20 [boundedElastic-1] WARN  org.hibernate.orm.query [Req:b8eed888-29cf-4866-9d6b-a8a43c0a3551] [Tenant:default] [User:admin-user] - HHH90003004: firstResult/maxResults specified with collection fetch; applying in memory
2026-06-06 20:40:20 [boundedElastic-1] DEBUG org.hibernate.SQL [Req:b8eed888-29cf-4866-9d6b-a8a43c0a3551] [Tenant:default] [User:admin-user] - 
    select
        p1_0.id,
        a1_0.entity_id,
        a1_0.attribute_key,
        a1_0.attribute_value,
        p1_1.created_by,
        p1_1.created_date,
        p1_1.last_modified_by,
        p1_1.last_modified_date,
        p1_1.parent_id,
        p1_1.tenant_id,
        p1_1.version,
        p1_0.description,
        p1_0.name,
        p1_0.price 
    from
        product p1_0 
    join
        baseentity p1_1 
            on p1_0.id=p1_1.id 
    left join
        entity_attributes a1_0 
            on p1_1.id=a1_0.entity_id 
    where
        p1_1.tenant_id=?
2026-06-06 20:40:20 [boundedElastic-1] DEBUG org.hibernate.SQL [Req:b8eed888-29cf-4866-9d6b-a8a43c0a3551] [Tenant:default] [User:admin-user] - 
    select
        count(p1_0.id) 
    from
        product p1_0 
    join
        baseentity p1_1 
            on p1_0.id=p1_1.id 
    where
        p1_1.tenant_id=?
2026-06-06 20:40:20 [boundedElastic-1] DEBUG org.hibernate.SQL [Req:508854f1-437b-496d-9cb4-c09b7a26e5fa] [Tenant:default] [User:admin-user] - 
    
SET
    LOCAL app.current_tenant = 'default'
2026-06-06 20:40:20 [boundedElastic-1] WARN  org.hibernate.orm.query [Req:508854f1-437b-496d-9cb4-c09b7a26e5fa] [Tenant:default] [User:admin-user] - HHH90003004: firstResult/maxResults specified with collection fetch; applying in memory
2026-06-06 20:40:20 [boundedElastic-1] DEBUG org.hibernate.SQL [Req:508854f1-437b-496d-9cb4-c09b7a26e5fa] [Tenant:default] [User:admin-user] - 
    select
        p1_0.id,
        a1_0.entity_id,
        a1_0.attribute_key,
        a1_0.attribute_value,
        p1_1.created_by,
        p1_1.created_date,
        p1_1.last_modified_by,
        p1_1.last_modified_date,
        p1_1.parent_id,
        p1_1.tenant_id,
        p1_1.version,
        p1_0.description,
        p1_0.name,
        p1_0.price 
    from
        product p1_0 
    join
        baseentity p1_1 
            on p1_0.id=p1_1.id 
    left join
        entity_attributes a1_0 
            on p1_1.id=a1_0.entity_id 
    where
        p1_1.tenant_id=?
2026-06-06 20:40:20 [boundedElastic-1] DEBUG org.hibernate.SQL [Req:508854f1-437b-496d-9cb4-c09b7a26e5fa] [Tenant:default] [User:admin-user] - 
    select
        count(p1_0.id) 
    from
        product p1_0 
    join
        baseentity p1_1 
            on p1_0.id=p1_1.id 
    where
        p1_1.tenant_id=?
2026-06-06 20:40:20 [boundedElastic-1] DEBUG org.hibernate.SQL [Req:29ba6fe2-d9b4-4fb4-a235-401f492465f8] [Tenant:default] [User:admin-user] - 
    
SET
    LOCAL app.current_tenant = 'default'
2026-06-06 20:40:20 [boundedElastic-1] WARN  org.hibernate.orm.query [Req:29ba6fe2-d9b4-4fb4-a235-401f492465f8] [Tenant:default] [User:admin-user] - HHH90003004: firstResult/maxResults specified with collection fetch; applying in memory
2026-06-06 20:40:20 [boundedElastic-1] DEBUG org.hibernate.SQL [Req:29ba6fe2-d9b4-4fb4-a235-401f492465f8] [Tenant:default] [User:admin-user] - 
    select
        p1_0.id,
        a1_0.entity_id,
        a1_0.attribute_key,
        a1_0.attribute_value,
        p1_1.created_by,
        p1_1.created_date,
        p1_1.last_modified_by,
        p1_1.last_modified_date,
        p1_1.parent_id,
        p1_1.tenant_id,
        p1_1.version,
        p1_0.description,
        p1_0.name,
        p1_0.price 
    from
        product p1_0 
    join
        baseentity p1_1 
            on p1_0.id=p1_1.id 
    left join
        entity_attributes a1_0 
            on p1_1.id=a1_0.entity_id 
    where
        p1_1.tenant_id=?
2026-06-06 20:40:20 [boundedElastic-1] DEBUG org.hibernate.SQL [Req:29ba6fe2-d9b4-4fb4-a235-401f492465f8] [Tenant:default] [User:admin-user] - 
    select
        count(p1_0.id) 
    from
        product p1_0 
    join
        baseentity p1_1 
            on p1_0.id=p1_1.id 
    where
        p1_1.tenant_id=?
2026-06-06 20:40:20 [boundedElastic-1] DEBUG org.hibernate.SQL [Req:3ba7d772-85fe-42e9-913c-69feed570fcd] [Tenant:default] [User:admin-user] - 
    
SET
    LOCAL app.current_tenant = 'default'
2026-06-06 20:40:20 [boundedElastic-1] WARN  org.hibernate.orm.query [Req:3ba7d772-85fe-42e9-913c-69feed570fcd] [Tenant:default] [User:admin-user] - HHH90003004: firstResult/maxResults specified with collection fetch; applying in memory
2026-06-06 20:40:20 [boundedElastic-1] DEBUG org.hibernate.SQL [Req:3ba7d772-85fe-42e9-913c-69feed570fcd] [Tenant:default] [User:admin-user] - 
    select
        p1_0.id,
        a1_0.entity_id,
        a1_0.attribute_key,
        a1_0.attribute_value,
        p1_1.created_by,
        p1_1.created_date,
        p1_1.last_modified_by,
        p1_1.last_modified_date,
        p1_1.parent_id,
        p1_1.tenant_id,
        p1_1.version,
        p1_0.description,
        p1_0.name,
        p1_0.price 
    from
        product p1_0 
    join
        baseentity p1_1 
            on p1_0.id=p1_1.id 
    left join
        entity_attributes a1_0 
            on p1_1.id=a1_0.entity_id 
    where
        p1_1.tenant_id=?
2026-06-06 20:40:20 [boundedElastic-1] DEBUG org.hibernate.SQL [Req:3ba7d772-85fe-42e9-913c-69feed570fcd] [Tenant:default] [User:admin-user] - 
    select
        count(p1_0.id) 
    from
        product p1_0 
    join
        baseentity p1_1 
            on p1_0.id=p1_1.id 
    where
        p1_1.tenant_id=?
2026-06-06 20:40:20 [boundedElastic-1] DEBUG org.hibernate.SQL [Req:3fce045b-f1b0-4c62-a762-2c78eeba97a4] [Tenant:default] [User:admin-user] - 
    
SET
    LOCAL app.current_tenant = 'default'
2026-06-06 20:40:20 [boundedElastic-1] WARN  org.hibernate.orm.query [Req:3fce045b-f1b0-4c62-a762-2c78eeba97a4] [Tenant:default] [User:admin-user] - HHH90003004: firstResult/maxResults specified with collection fetch; applying in memory
2026-06-06 20:40:20 [boundedElastic-1] DEBUG org.hibernate.SQL [Req:3fce045b-f1b0-4c62-a762-2c78eeba97a4] [Tenant:default] [User:admin-user] - 
    select
        p1_0.id,
        a1_0.entity_id,
        a1_0.attribute_key,
        a1_0.attribute_value,
        p1_1.created_by,
        p1_1.created_date,
        p1_1.last_modified_by,
        p1_1.last_modified_date,
        p1_1.parent_id,
        p1_1.tenant_id,
        p1_1.version,
        p1_0.description,
        p1_0.name,
        p1_0.price 
    from
        product p1_0 
    join
        baseentity p1_1 
            on p1_0.id=p1_1.id 
    left join
        entity_attributes a1_0 
            on p1_1.id=a1_0.entity_id 
    where
        p1_1.tenant_id=?
2026-06-06 20:40:20 [boundedElastic-1] DEBUG org.hibernate.SQL [Req:3fce045b-f1b0-4c62-a762-2c78eeba97a4] [Tenant:default] [User:admin-user] - 
    select
        count(p1_0.id) 
    from
        product p1_0 
    join
        baseentity p1_1 
            on p1_0.id=p1_1.id 
    where
        p1_1.tenant_id=?
2026-06-06 20:40:20 [boundedElastic-1] DEBUG org.hibernate.SQL [Req:6bd9f874-4ba8-4cf9-b7c5-189f2cec96b1] [Tenant:default] [User:admin-user] - 
    
SET
    LOCAL app.current_tenant = 'default'
2026-06-06 20:40:20 [boundedElastic-1] WARN  org.hibernate.orm.query [Req:6bd9f874-4ba8-4cf9-b7c5-189f2cec96b1] [Tenant:default] [User:admin-user] - HHH90003004: firstResult/maxResults specified with collection fetch; applying in memory
2026-06-06 20:40:20 [boundedElastic-1] DEBUG org.hibernate.SQL [Req:6bd9f874-4ba8-4cf9-b7c5-189f2cec96b1] [Tenant:default] [User:admin-user] - 
    select
        p1_0.id,
        a1_0.entity_id,
        a1_0.attribute_key,
        a1_0.attribute_value,
        p1_1.created_by,
        p1_1.created_date,
        p1_1.last_modified_by,
        p1_1.last_modified_date,
        p1_1.parent_id,
        p1_1.tenant_id,
        p1_1.version,
        p1_0.description,
        p1_0.name,
        p1_0.price 
    from
        product p1_0 
    join
        baseentity p1_1 
            on p1_0.id=p1_1.id 
    left join
        entity_attributes a1_0 
            on p1_1.id=a1_0.entity_id 
    where
        p1_1.tenant_id=?
2026-06-06 20:40:20 [boundedElastic-1] DEBUG org.hibernate.SQL [Req:6bd9f874-4ba8-4cf9-b7c5-189f2cec96b1] [Tenant:default] [User:admin-user] - 
    select
        count(p1_0.id) 
    from
        product p1_0 
    join
        baseentity p1_1 
            on p1_0.id=p1_1.id 
    where
        p1_1.tenant_id=?
2026-06-06 20:40:20 [boundedElastic-1] DEBUG org.hibernate.SQL [Req:91c2bb68-6e04-4bc4-bada-2118f4022803] [Tenant:default] [User:admin-user] - 
    
SET
    LOCAL app.current_tenant = 'default'
2026-06-06 20:40:20 [boundedElastic-1] WARN  org.hibernate.orm.query [Req:91c2bb68-6e04-4bc4-bada-2118f4022803] [Tenant:default] [User:admin-user] - HHH90003004: firstResult/maxResults specified with collection fetch; applying in memory
2026-06-06 20:40:20 [boundedElastic-1] DEBUG org.hibernate.SQL [Req:91c2bb68-6e04-4bc4-bada-2118f4022803] [Tenant:default] [User:admin-user] - 
    select
        p1_0.id,
        a1_0.entity_id,
        a1_0.attribute_key,
        a1_0.attribute_value,
        p1_1.created_by,
        p1_1.created_date,
        p1_1.last_modified_by,
        p1_1.last_modified_date,
        p1_1.parent_id,
        p1_1.tenant_id,
        p1_1.version,
        p1_0.description,
        p1_0.name,
        p1_0.price 
    from
        product p1_0 
    join
        baseentity p1_1 
            on p1_0.id=p1_1.id 
    left join
        entity_attributes a1_0 
            on p1_1.id=a1_0.entity_id 
    where
        p1_1.tenant_id=?
2026-06-06 20:40:20 [boundedElastic-1] DEBUG org.hibernate.SQL [Req:91c2bb68-6e04-4bc4-bada-2118f4022803] [Tenant:default] [User:admin-user] - 
    select
        count(p1_0.id) 
    from
        product p1_0 
    join
        baseentity p1_1 
            on p1_0.id=p1_1.id 
    where
        p1_1.tenant_id=?
2026-06-06 20:40:20 [boundedElastic-1] DEBUG org.hibernate.SQL [Req:69820d42-8acb-4e90-8580-0406a47902f9] [Tenant:default] [User:admin-user] - 
    
SET
    LOCAL app.current_tenant = 'default'
2026-06-06 20:40:20 [boundedElastic-1] WARN  org.hibernate.orm.query [Req:69820d42-8acb-4e90-8580-0406a47902f9] [Tenant:default] [User:admin-user] - HHH90003004: firstResult/maxResults specified with collection fetch; applying in memory
2026-06-06 20:40:20 [boundedElastic-1] DEBUG org.hibernate.SQL [Req:69820d42-8acb-4e90-8580-0406a47902f9] [Tenant:default] [User:admin-user] - 
    select
        p1_0.id,
        a1_0.entity_id,
        a1_0.attribute_key,
        a1_0.attribute_value,
        p1_1.created_by,
        p1_1.created_date,
        p1_1.last_modified_by,
        p1_1.last_modified_date,
        p1_1.parent_id,
        p1_1.tenant_id,
        p1_1.version,
        p1_0.description,
        p1_0.name,
        p1_0.price 
    from
        product p1_0 
    join
        baseentity p1_1 
            on p1_0.id=p1_1.id 
    left join
        entity_attributes a1_0 
            on p1_1.id=a1_0.entity_id 
    where
        p1_1.tenant_id=?
2026-06-06 20:40:20 [boundedElastic-1] DEBUG org.hibernate.SQL [Req:69820d42-8acb-4e90-8580-0406a47902f9] [Tenant:default] [User:admin-user] - 
    select
        count(p1_0.id) 
    from
        product p1_0 
    join
        baseentity p1_1 
            on p1_0.id=p1_1.id 
    where
        p1_1.tenant_id=?
2026-06-06 20:40:20 [boundedElastic-1] DEBUG org.hibernate.SQL [Req:48f08803-1f82-4f5d-893e-4392cc316782] [Tenant:default] [User:admin-user] - 
    
SET
    LOCAL app.current_tenant = 'default'
2026-06-06 20:40:20 [boundedElastic-1] WARN  org.hibernate.orm.query [Req:48f08803-1f82-4f5d-893e-4392cc316782] [Tenant:default] [User:admin-user] - HHH90003004: firstResult/maxResults specified with collection fetch; applying in memory
2026-06-06 20:40:20 [boundedElastic-1] DEBUG org.hibernate.SQL [Req:48f08803-1f82-4f5d-893e-4392cc316782] [Tenant:default] [User:admin-user] - 
    select
        p1_0.id,
        a1_0.entity_id,
        a1_0.attribute_key,
        a1_0.attribute_value,
        p1_1.created_by,
        p1_1.created_date,
        p1_1.last_modified_by,
        p1_1.last_modified_date,
        p1_1.parent_id,
        p1_1.tenant_id,
        p1_1.version,
        p1_0.description,
        p1_0.name,
        p1_0.price 
    from
        product p1_0 
    join
        baseentity p1_1 
            on p1_0.id=p1_1.id 
    left join
        entity_attributes a1_0 
            on p1_1.id=a1_0.entity_id 
    where
        p1_1.tenant_id=?
2026-06-06 20:40:20 [boundedElastic-1] DEBUG org.hibernate.SQL [Req:48f08803-1f82-4f5d-893e-4392cc316782] [Tenant:default] [User:admin-user] - 
    select
        count(p1_0.id) 
    from
        product p1_0 
    join
        baseentity p1_1 
            on p1_0.id=p1_1.id 
    where
        p1_1.tenant_id=?
2026-06-06 20:40:20 [boundedElastic-1] DEBUG org.hibernate.SQL [Req:a0b71de5-478b-4d23-9972-c2a386ab6b99] [Tenant:default] [User:admin-user] - 
    
SET
    LOCAL app.current_tenant = 'default'
2026-06-06 20:40:20 [boundedElastic-1] WARN  org.hibernate.orm.query [Req:a0b71de5-478b-4d23-9972-c2a386ab6b99] [Tenant:default] [User:admin-user] - HHH90003004: firstResult/maxResults specified with collection fetch; applying in memory
2026-06-06 20:40:20 [boundedElastic-1] DEBUG org.hibernate.SQL [Req:a0b71de5-478b-4d23-9972-c2a386ab6b99] [Tenant:default] [User:admin-user] - 
    select
        p1_0.id,
        a1_0.entity_id,
        a1_0.attribute_key,
        a1_0.attribute_value,
        p1_1.created_by,
        p1_1.created_date,
        p1_1.last_modified_by,
        p1_1.last_modified_date,
        p1_1.parent_id,
        p1_1.tenant_id,
        p1_1.version,
        p1_0.description,
        p1_0.name,
        p1_0.price 
    from
        product p1_0 
    join
        baseentity p1_1 
            on p1_0.id=p1_1.id 
    left join
        entity_attributes a1_0 
            on p1_1.id=a1_0.entity_id 
    where
        p1_1.tenant_id=?
2026-06-06 20:40:20 [boundedElastic-1] DEBUG org.hibernate.SQL [Req:a0b71de5-478b-4d23-9972-c2a386ab6b99] [Tenant:default] [User:admin-user] - 
    select
        count(p1_0.id) 
    from
        product p1_0 
    join
        baseentity p1_1 
            on p1_0.id=p1_1.id 
    where
        p1_1.tenant_id=?
2026-06-06 20:40:20 [boundedElastic-1] DEBUG org.hibernate.SQL [Req:9dab7949-11fd-489e-8289-7a39ca1376dc] [Tenant:default] [User:admin-user] - 
    
SET
    LOCAL app.current_tenant = 'default'
2026-06-06 20:40:20 [boundedElastic-1] WARN  org.hibernate.orm.query [Req:9dab7949-11fd-489e-8289-7a39ca1376dc] [Tenant:default] [User:admin-user] - HHH90003004: firstResult/maxResults specified with collection fetch; applying in memory
2026-06-06 20:40:20 [boundedElastic-1] DEBUG org.hibernate.SQL [Req:9dab7949-11fd-489e-8289-7a39ca1376dc] [Tenant:default] [User:admin-user] - 
    select
        p1_0.id,
        a1_0.entity_id,
        a1_0.attribute_key,
        a1_0.attribute_value,
        p1_1.created_by,
        p1_1.created_date,
        p1_1.last_modified_by,
        p1_1.last_modified_date,
        p1_1.parent_id,
        p1_1.tenant_id,
        p1_1.version,
        p1_0.description,
        p1_0.name,
        p1_0.price 
    from
        product p1_0 
    join
        baseentity p1_1 
            on p1_0.id=p1_1.id 
    left join
        entity_attributes a1_0 
            on p1_1.id=a1_0.entity_id 
    where
        p1_1.tenant_id=?
2026-06-06 20:40:20 [boundedElastic-1] DEBUG org.hibernate.SQL [Req:9dab7949-11fd-489e-8289-7a39ca1376dc] [Tenant:default] [User:admin-user] - 
    select
        count(p1_0.id) 
    from
        product p1_0 
    join
        baseentity p1_1 
            on p1_0.id=p1_1.id 
    where
        p1_1.tenant_id=?
2026-06-06 20:40:20 [boundedElastic-1] DEBUG org.hibernate.SQL [Req:9129d04f-6c5a-4f62-9b2b-3ae47476de21] [Tenant:default] [User:admin-user] - 
    
SET
    LOCAL app.current_tenant = 'default'
2026-06-06 20:40:20 [boundedElastic-1] WARN  org.hibernate.orm.query [Req:9129d04f-6c5a-4f62-9b2b-3ae47476de21] [Tenant:default] [User:admin-user] - HHH90003004: firstResult/maxResults specified with collection fetch; applying in memory
2026-06-06 20:40:20 [boundedElastic-1] DEBUG org.hibernate.SQL [Req:9129d04f-6c5a-4f62-9b2b-3ae47476de21] [Tenant:default] [User:admin-user] - 
    select
        p1_0.id,
        a1_0.entity_id,
        a1_0.attribute_key,
        a1_0.attribute_value,
        p1_1.created_by,
        p1_1.created_date,
        p1_1.last_modified_by,
        p1_1.last_modified_date,
        p1_1.parent_id,
        p1_1.tenant_id,
        p1_1.version,
        p1_0.description,
        p1_0.name,
        p1_0.price 
    from
        product p1_0 
    join
        baseentity p1_1 
            on p1_0.id=p1_1.id 
    left join
        entity_attributes a1_0 
            on p1_1.id=a1_0.entity_id 
    where
        p1_1.tenant_id=?
2026-06-06 20:40:20 [boundedElastic-1] DEBUG org.hibernate.SQL [Req:9129d04f-6c5a-4f62-9b2b-3ae47476de21] [Tenant:default] [User:admin-user] - 
    select
        count(p1_0.id) 
    from
        product p1_0 
    join
        baseentity p1_1 
            on p1_0.id=p1_1.id 
    where
        p1_1.tenant_id=?
2026-06-06 20:40:20 [boundedElastic-1] DEBUG org.hibernate.SQL [Req:a4b90551-226e-4960-bbf4-f7e93a33bf98] [Tenant:default] [User:admin-user] - 
    
SET
    LOCAL app.current_tenant = 'default'
2026-06-06 20:40:20 [boundedElastic-1] WARN  org.hibernate.orm.query [Req:a4b90551-226e-4960-bbf4-f7e93a33bf98] [Tenant:default] [User:admin-user] - HHH90003004: firstResult/maxResults specified with collection fetch; applying in memory
2026-06-06 20:40:20 [boundedElastic-1] DEBUG org.hibernate.SQL [Req:a4b90551-226e-4960-bbf4-f7e93a33bf98] [Tenant:default] [User:admin-user] - 
    select
        p1_0.id,
        a1_0.entity_id,
        a1_0.attribute_key,
        a1_0.attribute_value,
        p1_1.created_by,
        p1_1.created_date,
        p1_1.last_modified_by,
        p1_1.last_modified_date,
        p1_1.parent_id,
        p1_1.tenant_id,
        p1_1.version,
        p1_0.description,
        p1_0.name,
        p1_0.price 
    from
        product p1_0 
    join
        baseentity p1_1 
            on p1_0.id=p1_1.id 
    left join
        entity_attributes a1_0 
            on p1_1.id=a1_0.entity_id 
    where
        p1_1.tenant_id=?
2026-06-06 20:40:20 [boundedElastic-1] DEBUG org.hibernate.SQL [Req:a4b90551-226e-4960-bbf4-f7e93a33bf98] [Tenant:default] [User:admin-user] - 
    select
        count(p1_0.id) 
    from
        product p1_0 
    join
        baseentity p1_1 
            on p1_0.id=p1_1.id 
    where
        p1_1.tenant_id=?
2026-06-06 20:40:20 [boundedElastic-1] DEBUG org.hibernate.SQL [Req:818ebe81-6f8c-4bae-b01c-6cf12b134ba1] [Tenant:default] [User:admin-user] - 
    
SET
    LOCAL app.current_tenant = 'default'
2026-06-06 20:40:20 [boundedElastic-1] WARN  org.hibernate.orm.query [Req:818ebe81-6f8c-4bae-b01c-6cf12b134ba1] [Tenant:default] [User:admin-user] - HHH90003004: firstResult/maxResults specified with collection fetch; applying in memory
2026-06-06 20:40:20 [boundedElastic-1] DEBUG org.hibernate.SQL [Req:818ebe81-6f8c-4bae-b01c-6cf12b134ba1] [Tenant:default] [User:admin-user] - 
    select
        p1_0.id,
        a1_0.entity_id,
        a1_0.attribute_key,
        a1_0.attribute_value,
        p1_1.created_by,
        p1_1.created_date,
        p1_1.last_modified_by,
        p1_1.last_modified_date,
        p1_1.parent_id,
        p1_1.tenant_id,
        p1_1.version,
        p1_0.description,
        p1_0.name,
        p1_0.price 
    from
        product p1_0 
    join
        baseentity p1_1 
            on p1_0.id=p1_1.id 
    left join
        entity_attributes a1_0 
            on p1_1.id=a1_0.entity_id 
    where
        p1_1.tenant_id=?
2026-06-06 20:40:20 [boundedElastic-1] DEBUG org.hibernate.SQL [Req:818ebe81-6f8c-4bae-b01c-6cf12b134ba1] [Tenant:default] [User:admin-user] - 
    select
        count(p1_0.id) 
    from
        product p1_0 
    join
        baseentity p1_1 
            on p1_0.id=p1_1.id 
    where
        p1_1.tenant_id=?
2026-06-06 20:40:20 [boundedElastic-1] DEBUG org.hibernate.SQL [Req:1bf7996f-a8ec-4919-8405-1e875b4d8cb2] [Tenant:default] [User:admin-user] - 
    
SET
    LOCAL app.current_tenant = 'default'
2026-06-06 20:40:20 [boundedElastic-1] WARN  org.hibernate.orm.query [Req:1bf7996f-a8ec-4919-8405-1e875b4d8cb2] [Tenant:default] [User:admin-user] - HHH90003004: firstResult/maxResults specified with collection fetch; applying in memory
2026-06-06 20:40:20 [boundedElastic-1] DEBUG org.hibernate.SQL [Req:1bf7996f-a8ec-4919-8405-1e875b4d8cb2] [Tenant:default] [User:admin-user] - 
    select
        p1_0.id,
        a1_0.entity_id,
        a1_0.attribute_key,
        a1_0.attribute_value,
        p1_1.created_by,
        p1_1.created_date,
        p1_1.last_modified_by,
        p1_1.last_modified_date,
        p1_1.parent_id,
        p1_1.tenant_id,
        p1_1.version,
        p1_0.description,
        p1_0.name,
        p1_0.price 
    from
        product p1_0 
    join
        baseentity p1_1 
            on p1_0.id=p1_1.id 
    left join
        entity_attributes a1_0 
            on p1_1.id=a1_0.entity_id 
    where
        p1_1.tenant_id=?
2026-06-06 20:40:20 [boundedElastic-1] DEBUG org.hibernate.SQL [Req:1bf7996f-a8ec-4919-8405-1e875b4d8cb2] [Tenant:default] [User:admin-user] - 
    select
        count(p1_0.id) 
    from
        product p1_0 
    join
        baseentity p1_1 
            on p1_0.id=p1_1.id 
    where
        p1_1.tenant_id=?
2026-06-06 20:40:20 [boundedElastic-1] DEBUG org.hibernate.SQL [Req:69c6e65d-c5cc-4d6b-aedd-b0ad6d2ced6e] [Tenant:default] [User:admin-user] - 
    
SET
    LOCAL app.current_tenant = 'default'
2026-06-06 20:40:20 [boundedElastic-1] WARN  org.hibernate.orm.query [Req:69c6e65d-c5cc-4d6b-aedd-b0ad6d2ced6e] [Tenant:default] [User:admin-user] - HHH90003004: firstResult/maxResults specified with collection fetch; applying in memory
2026-06-06 20:40:20 [boundedElastic-1] DEBUG org.hibernate.SQL [Req:69c6e65d-c5cc-4d6b-aedd-b0ad6d2ced6e] [Tenant:default] [User:admin-user] - 
    select
        p1_0.id,
        a1_0.entity_id,
        a1_0.attribute_key,
        a1_0.attribute_value,
        p1_1.created_by,
        p1_1.created_date,
        p1_1.last_modified_by,
        p1_1.last_modified_date,
        p1_1.parent_id,
        p1_1.tenant_id,
        p1_1.version,
        p1_0.description,
        p1_0.name,
        p1_0.price 
    from
        product p1_0 
    join
        baseentity p1_1 
            on p1_0.id=p1_1.id 
    left join
        entity_attributes a1_0 
            on p1_1.id=a1_0.entity_id 
    where
        p1_1.tenant_id=?
2026-06-06 20:40:20 [boundedElastic-1] DEBUG org.hibernate.SQL [Req:69c6e65d-c5cc-4d6b-aedd-b0ad6d2ced6e] [Tenant:default] [User:admin-user] - 
    select
        count(p1_0.id) 
    from
        product p1_0 
    join
        baseentity p1_1 
            on p1_0.id=p1_1.id 
    where
        p1_1.tenant_id=?
2026-06-06 20:40:20 [boundedElastic-1] DEBUG org.hibernate.SQL [Req:fdd96da2-dedc-4a77-8bae-27ea9b73107e] [Tenant:default] [User:admin-user] - 
    
SET
    LOCAL app.current_tenant = 'default'
2026-06-06 20:40:20 [boundedElastic-1] WARN  org.hibernate.orm.query [Req:fdd96da2-dedc-4a77-8bae-27ea9b73107e] [Tenant:default] [User:admin-user] - HHH90003004: firstResult/maxResults specified with collection fetch; applying in memory
2026-06-06 20:40:20 [boundedElastic-1] DEBUG org.hibernate.SQL [Req:fdd96da2-dedc-4a77-8bae-27ea9b73107e] [Tenant:default] [User:admin-user] - 
    select
        p1_0.id,
        a1_0.entity_id,
        a1_0.attribute_key,
        a1_0.attribute_value,
        p1_1.created_by,
        p1_1.created_date,
        p1_1.last_modified_by,
        p1_1.last_modified_date,
        p1_1.parent_id,
        p1_1.tenant_id,
        p1_1.version,
        p1_0.description,
        p1_0.name,
        p1_0.price 
    from
        product p1_0 
    join
        baseentity p1_1 
            on p1_0.id=p1_1.id 
    left join
        entity_attributes a1_0 
            on p1_1.id=a1_0.entity_id 
    where
        p1_1.tenant_id=?
2026-06-06 20:40:20 [boundedElastic-1] DEBUG org.hibernate.SQL [Req:fdd96da2-dedc-4a77-8bae-27ea9b73107e] [Tenant:default] [User:admin-user] - 
    select
        count(p1_0.id) 
    from
        product p1_0 
    join
        baseentity p1_1 
            on p1_0.id=p1_1.id 
    where
        p1_1.tenant_id=?
2026-06-06 20:40:20 [boundedElastic-1] DEBUG org.hibernate.SQL [Req:a5fa3007-77bc-44df-b5ce-35ac61485993] [Tenant:default] [User:admin-user] - 
    
SET
    LOCAL app.current_tenant = 'default'
2026-06-06 20:40:20 [boundedElastic-1] WARN  org.hibernate.orm.query [Req:a5fa3007-77bc-44df-b5ce-35ac61485993] [Tenant:default] [User:admin-user] - HHH90003004: firstResult/maxResults specified with collection fetch; applying in memory
2026-06-06 20:40:20 [boundedElastic-1] DEBUG org.hibernate.SQL [Req:a5fa3007-77bc-44df-b5ce-35ac61485993] [Tenant:default] [User:admin-user] - 
    select
        p1_0.id,
        a1_0.entity_id,
        a1_0.attribute_key,
        a1_0.attribute_value,
        p1_1.created_by,
        p1_1.created_date,
        p1_1.last_modified_by,
        p1_1.last_modified_date,
        p1_1.parent_id,
        p1_1.tenant_id,
        p1_1.version,
        p1_0.description,
        p1_0.name,
        p1_0.price 
    from
        product p1_0 
    join
        baseentity p1_1 
            on p1_0.id=p1_1.id 
    left join
        entity_attributes a1_0 
            on p1_1.id=a1_0.entity_id 
    where
        p1_1.tenant_id=?
2026-06-06 20:40:20 [boundedElastic-1] DEBUG org.hibernate.SQL [Req:a5fa3007-77bc-44df-b5ce-35ac61485993] [Tenant:default] [User:admin-user] - 
    select
        count(p1_0.id) 
    from
        product p1_0 
    join
        baseentity p1_1 
            on p1_0.id=p1_1.id 
    where
        p1_1.tenant_id=?
2026-06-06 20:40:20 [boundedElastic-1] DEBUG org.hibernate.SQL [Req:a77f49fd-d863-4abf-bc69-47217b42203b] [Tenant:default] [User:admin-user] - 
    
SET
    LOCAL app.current_tenant = 'default'
2026-06-06 20:40:20 [boundedElastic-1] WARN  org.hibernate.orm.query [Req:a77f49fd-d863-4abf-bc69-47217b42203b] [Tenant:default] [User:admin-user] - HHH90003004: firstResult/maxResults specified with collection fetch; applying in memory
2026-06-06 20:40:20 [boundedElastic-1] DEBUG org.hibernate.SQL [Req:a77f49fd-d863-4abf-bc69-47217b42203b] [Tenant:default] [User:admin-user] - 
    select
        p1_0.id,
        a1_0.entity_id,
        a1_0.attribute_key,
        a1_0.attribute_value,
        p1_1.created_by,
        p1_1.created_date,
        p1_1.last_modified_by,
        p1_1.last_modified_date,
        p1_1.parent_id,
        p1_1.tenant_id,
        p1_1.version,
        p1_0.description,
        p1_0.name,
        p1_0.price 
    from
        product p1_0 
    join
        baseentity p1_1 
            on p1_0.id=p1_1.id 
    left join
        entity_attributes a1_0 
            on p1_1.id=a1_0.entity_id 
    where
        p1_1.tenant_id=?
2026-06-06 20:40:20 [boundedElastic-1] DEBUG org.hibernate.SQL [Req:a77f49fd-d863-4abf-bc69-47217b42203b] [Tenant:default] [User:admin-user] - 
    select
        count(p1_0.id) 
    from
        product p1_0 
    join
        baseentity p1_1 
            on p1_0.id=p1_1.id 
    where
        p1_1.tenant_id=?
2026-06-06 20:40:20 [boundedElastic-1] DEBUG org.hibernate.SQL [Req:8bf25ca5-c68a-4a4a-bf58-f0a562e624ad] [Tenant:default] [User:admin-user] - 
    
SET
    LOCAL app.current_tenant = 'default'
2026-06-06 20:40:20 [boundedElastic-1] WARN  org.hibernate.orm.query [Req:8bf25ca5-c68a-4a4a-bf58-f0a562e624ad] [Tenant:default] [User:admin-user] - HHH90003004: firstResult/maxResults specified with collection fetch; applying in memory
2026-06-06 20:40:20 [boundedElastic-1] DEBUG org.hibernate.SQL [Req:8bf25ca5-c68a-4a4a-bf58-f0a562e624ad] [Tenant:default] [User:admin-user] - 
    select
        p1_0.id,
        a1_0.entity_id,
        a1_0.attribute_key,
        a1_0.attribute_value,
        p1_1.created_by,
        p1_1.created_date,
        p1_1.last_modified_by,
        p1_1.last_modified_date,
        p1_1.parent_id,
        p1_1.tenant_id,
        p1_1.version,
        p1_0.description,
        p1_0.name,
        p1_0.price 
    from
        product p1_0 
    join
        baseentity p1_1 
            on p1_0.id=p1_1.id 
    left join
        entity_attributes a1_0 
            on p1_1.id=a1_0.entity_id 
    where
        p1_1.tenant_id=?
2026-06-06 20:40:20 [boundedElastic-1] DEBUG org.hibernate.SQL [Req:8bf25ca5-c68a-4a4a-bf58-f0a562e624ad] [Tenant:default] [User:admin-user] - 
    select
        count(p1_0.id) 
    from
        product p1_0 
    join
        baseentity p1_1 
            on p1_0.id=p1_1.id 
    where
        p1_1.tenant_id=?
2026-06-06 20:40:20 [boundedElastic-1] DEBUG org.hibernate.SQL [Req:126e92d4-3805-49ce-9f79-c05e518bee69] [Tenant:default] [User:admin-user] - 
    
SET
    LOCAL app.current_tenant = 'default'
2026-06-06 20:40:20 [boundedElastic-1] WARN  org.hibernate.orm.query [Req:126e92d4-3805-49ce-9f79-c05e518bee69] [Tenant:default] [User:admin-user] - HHH90003004: firstResult/maxResults specified with collection fetch; applying in memory
2026-06-06 20:40:20 [boundedElastic-1] DEBUG org.hibernate.SQL [Req:126e92d4-3805-49ce-9f79-c05e518bee69] [Tenant:default] [User:admin-user] - 
    select
        p1_0.id,
        a1_0.entity_id,
        a1_0.attribute_key,
        a1_0.attribute_value,
        p1_1.created_by,
        p1_1.created_date,
        p1_1.last_modified_by,
        p1_1.last_modified_date,
        p1_1.parent_id,
        p1_1.tenant_id,
        p1_1.version,
        p1_0.description,
        p1_0.name,
        p1_0.price 
    from
        product p1_0 
    join
        baseentity p1_1 
            on p1_0.id=p1_1.id 
    left join
        entity_attributes a1_0 
            on p1_1.id=a1_0.entity_id 
    where
        p1_1.tenant_id=?
2026-06-06 20:40:20 [boundedElastic-1] DEBUG org.hibernate.SQL [Req:126e92d4-3805-49ce-9f79-c05e518bee69] [Tenant:default] [User:admin-user] - 
    select
        count(p1_0.id) 
    from
        product p1_0 
    join
        baseentity p1_1 
            on p1_0.id=p1_1.id 
    where
        p1_1.tenant_id=?
2026-06-06 20:40:20 [boundedElastic-1] DEBUG org.hibernate.SQL [Req:4acaa9fb-bfb4-44d8-894c-2f1bb40f79da] [Tenant:default] [User:admin-user] - 
    
SET
    LOCAL app.current_tenant = 'default'
2026-06-06 20:40:20 [boundedElastic-1] WARN  org.hibernate.orm.query [Req:4acaa9fb-bfb4-44d8-894c-2f1bb40f79da] [Tenant:default] [User:admin-user] - HHH90003004: firstResult/maxResults specified with collection fetch; applying in memory
2026-06-06 20:40:20 [boundedElastic-1] DEBUG org.hibernate.SQL [Req:4acaa9fb-bfb4-44d8-894c-2f1bb40f79da] [Tenant:default] [User:admin-user] - 
    select
        p1_0.id,
        a1_0.entity_id,
        a1_0.attribute_key,
        a1_0.attribute_value,
        p1_1.created_by,
        p1_1.created_date,
        p1_1.last_modified_by,
        p1_1.last_modified_date,
        p1_1.parent_id,
        p1_1.tenant_id,
        p1_1.version,
        p1_0.description,
        p1_0.name,
        p1_0.price 
    from
        product p1_0 
    join
        baseentity p1_1 
            on p1_0.id=p1_1.id 
    left join
        entity_attributes a1_0 
            on p1_1.id=a1_0.entity_id 
    where
        p1_1.tenant_id=?
2026-06-06 20:40:21 [boundedElastic-1] DEBUG org.hibernate.SQL [Req:4acaa9fb-bfb4-44d8-894c-2f1bb40f79da] [Tenant:default] [User:admin-user] - 
    select
        count(p1_0.id) 
    from
        product p1_0 
    join
        baseentity p1_1 
            on p1_0.id=p1_1.id 
    where
        p1_1.tenant_id=?
2026-06-06 20:40:21 [boundedElastic-1] DEBUG org.hibernate.SQL [Req:5550d441-6a6f-424f-be20-36328404883d] [Tenant:default] [User:admin-user] - 
    
SET
    LOCAL app.current_tenant = 'default'
2026-06-06 20:40:21 [boundedElastic-1] WARN  org.hibernate.orm.query [Req:5550d441-6a6f-424f-be20-36328404883d] [Tenant:default] [User:admin-user] - HHH90003004: firstResult/maxResults specified with collection fetch; applying in memory
2026-06-06 20:40:21 [boundedElastic-1] DEBUG org.hibernate.SQL [Req:5550d441-6a6f-424f-be20-36328404883d] [Tenant:default] [User:admin-user] - 
    select
        p1_0.id,
        a1_0.entity_id,
        a1_0.attribute_key,
        a1_0.attribute_value,
        p1_1.created_by,
        p1_1.created_date,
        p1_1.last_modified_by,
        p1_1.last_modified_date,
        p1_1.parent_id,
        p1_1.tenant_id,
        p1_1.version,
        p1_0.description,
        p1_0.name,
        p1_0.price 
    from
        product p1_0 
    join
        baseentity p1_1 
            on p1_0.id=p1_1.id 
    left join
        entity_attributes a1_0 
            on p1_1.id=a1_0.entity_id 
    where
        p1_1.tenant_id=?
2026-06-06 20:40:21 [boundedElastic-1] DEBUG org.hibernate.SQL [Req:5550d441-6a6f-424f-be20-36328404883d] [Tenant:default] [User:admin-user] - 
    select
        count(p1_0.id) 
    from
        product p1_0 
    join
        baseentity p1_1 
            on p1_0.id=p1_1.id 
    where
        p1_1.tenant_id=?
2026-06-06 20:40:21 [boundedElastic-1] DEBUG org.hibernate.SQL [Req:899c73a0-cf23-4175-991f-425e7b1b9441] [Tenant:default] [User:admin-user] - 
    
SET
    LOCAL app.current_tenant = 'default'
2026-06-06 20:40:21 [boundedElastic-1] WARN  org.hibernate.orm.query [Req:899c73a0-cf23-4175-991f-425e7b1b9441] [Tenant:default] [User:admin-user] - HHH90003004: firstResult/maxResults specified with collection fetch; applying in memory
2026-06-06 20:40:21 [boundedElastic-1] DEBUG org.hibernate.SQL [Req:899c73a0-cf23-4175-991f-425e7b1b9441] [Tenant:default] [User:admin-user] - 
    select
        p1_0.id,
        a1_0.entity_id,
        a1_0.attribute_key,
        a1_0.attribute_value,
        p1_1.created_by,
        p1_1.created_date,
        p1_1.last_modified_by,
        p1_1.last_modified_date,
        p1_1.parent_id,
        p1_1.tenant_id,
        p1_1.version,
        p1_0.description,
        p1_0.name,
        p1_0.price 
    from
        product p1_0 
    join
        baseentity p1_1 
            on p1_0.id=p1_1.id 
    left join
        entity_attributes a1_0 
            on p1_1.id=a1_0.entity_id 
    where
        p1_1.tenant_id=?
2026-06-06 20:40:21 [boundedElastic-1] DEBUG org.hibernate.SQL [Req:899c73a0-cf23-4175-991f-425e7b1b9441] [Tenant:default] [User:admin-user] - 
    select
        count(p1_0.id) 
    from
        product p1_0 
    join
        baseentity p1_1 
            on p1_0.id=p1_1.id 
    where
        p1_1.tenant_id=?
2026-06-06 20:40:21 [boundedElastic-1] DEBUG org.hibernate.SQL [Req:77cdd2cc-ada2-4d93-99a4-a300ddd09431] [Tenant:default] [User:admin-user] - 
    
SET
    LOCAL app.current_tenant = 'default'
2026-06-06 20:40:21 [boundedElastic-1] WARN  org.hibernate.orm.query [Req:77cdd2cc-ada2-4d93-99a4-a300ddd09431] [Tenant:default] [User:admin-user] - HHH90003004: firstResult/maxResults specified with collection fetch; applying in memory
2026-06-06 20:40:21 [boundedElastic-1] DEBUG org.hibernate.SQL [Req:77cdd2cc-ada2-4d93-99a4-a300ddd09431] [Tenant:default] [User:admin-user] - 
    select
        p1_0.id,
        a1_0.entity_id,
        a1_0.attribute_key,
        a1_0.attribute_value,
        p1_1.created_by,
        p1_1.created_date,
        p1_1.last_modified_by,
        p1_1.last_modified_date,
        p1_1.parent_id,
        p1_1.tenant_id,
        p1_1.version,
        p1_0.description,
        p1_0.name,
        p1_0.price 
    from
        product p1_0 
    join
        baseentity p1_1 
            on p1_0.id=p1_1.id 
    left join
        entity_attributes a1_0 
            on p1_1.id=a1_0.entity_id 
    where
        p1_1.tenant_id=?
2026-06-06 20:40:21 [boundedElastic-1] DEBUG org.hibernate.SQL [Req:77cdd2cc-ada2-4d93-99a4-a300ddd09431] [Tenant:default] [User:admin-user] - 
    select
        count(p1_0.id) 
    from
        product p1_0 
    join
        baseentity p1_1 
            on p1_0.id=p1_1.id 
    where
        p1_1.tenant_id=?
2026-06-06 20:40:21 [boundedElastic-1] DEBUG org.hibernate.SQL [Req:5a3f61f9-66c0-4644-92a7-efa0dbd62187] [Tenant:default] [User:admin-user] - 
    
SET
    LOCAL app.current_tenant = 'default'
2026-06-06 20:40:21 [boundedElastic-1] WARN  org.hibernate.orm.query [Req:5a3f61f9-66c0-4644-92a7-efa0dbd62187] [Tenant:default] [User:admin-user] - HHH90003004: firstResult/maxResults specified with collection fetch; applying in memory
2026-06-06 20:40:21 [boundedElastic-1] DEBUG org.hibernate.SQL [Req:5a3f61f9-66c0-4644-92a7-efa0dbd62187] [Tenant:default] [User:admin-user] - 
    select
        p1_0.id,
        a1_0.entity_id,
        a1_0.attribute_key,
        a1_0.attribute_value,
        p1_1.created_by,
        p1_1.created_date,
        p1_1.last_modified_by,
        p1_1.last_modified_date,
        p1_1.parent_id,
        p1_1.tenant_id,
        p1_1.version,
        p1_0.description,
        p1_0.name,
        p1_0.price 
    from
        product p1_0 
    join
        baseentity p1_1 
            on p1_0.id=p1_1.id 
    left join
        entity_attributes a1_0 
            on p1_1.id=a1_0.entity_id 
    where
        p1_1.tenant_id=?
2026-06-06 20:40:21 [boundedElastic-1] DEBUG org.hibernate.SQL [Req:5a3f61f9-66c0-4644-92a7-efa0dbd62187] [Tenant:default] [User:admin-user] - 
    select
        count(p1_0.id) 
    from
        product p1_0 
    join
        baseentity p1_1 
            on p1_0.id=p1_1.id 
    where
        p1_1.tenant_id=?
2026-06-06 20:40:21 [boundedElastic-1] DEBUG org.hibernate.SQL [Req:6f5c76d2-1d54-4046-af7f-97cc09981517] [Tenant:default] [User:admin-user] - 
    
SET
    LOCAL app.current_tenant = 'default'
2026-06-06 20:40:21 [boundedElastic-1] WARN  org.hibernate.orm.query [Req:6f5c76d2-1d54-4046-af7f-97cc09981517] [Tenant:default] [User:admin-user] - HHH90003004: firstResult/maxResults specified with collection fetch; applying in memory
2026-06-06 20:40:21 [boundedElastic-1] DEBUG org.hibernate.SQL [Req:6f5c76d2-1d54-4046-af7f-97cc09981517] [Tenant:default] [User:admin-user] - 
    select
        p1_0.id,
        a1_0.entity_id,
        a1_0.attribute_key,
        a1_0.attribute_value,
        p1_1.created_by,
        p1_1.created_date,
        p1_1.last_modified_by,
        p1_1.last_modified_date,
        p1_1.parent_id,
        p1_1.tenant_id,
        p1_1.version,
        p1_0.description,
        p1_0.name,
        p1_0.price 
    from
        product p1_0 
    join
        baseentity p1_1 
            on p1_0.id=p1_1.id 
    left join
        entity_attributes a1_0 
            on p1_1.id=a1_0.entity_id 
    where
        p1_1.tenant_id=?
2026-06-06 20:40:21 [boundedElastic-1] DEBUG org.hibernate.SQL [Req:6f5c76d2-1d54-4046-af7f-97cc09981517] [Tenant:default] [User:admin-user] - 
    select
        count(p1_0.id) 
    from
        product p1_0 
    join
        baseentity p1_1 
            on p1_0.id=p1_1.id 
    where
        p1_1.tenant_id=?
2026-06-06 20:40:21 [boundedElastic-1] DEBUG org.hibernate.SQL [Req:b88652b8-41e3-4ef7-b0db-21cff5bd02c2] [Tenant:default] [User:admin-user] - 
    
SET
    LOCAL app.current_tenant = 'default'
2026-06-06 20:40:21 [boundedElastic-1] WARN  org.hibernate.orm.query [Req:b88652b8-41e3-4ef7-b0db-21cff5bd02c2] [Tenant:default] [User:admin-user] - HHH90003004: firstResult/maxResults specified with collection fetch; applying in memory
2026-06-06 20:40:21 [boundedElastic-1] DEBUG org.hibernate.SQL [Req:b88652b8-41e3-4ef7-b0db-21cff5bd02c2] [Tenant:default] [User:admin-user] - 
    select
        p1_0.id,
        a1_0.entity_id,
        a1_0.attribute_key,
        a1_0.attribute_value,
        p1_1.created_by,
        p1_1.created_date,
        p1_1.last_modified_by,
        p1_1.last_modified_date,
        p1_1.parent_id,
        p1_1.tenant_id,
        p1_1.version,
        p1_0.description,
        p1_0.name,
        p1_0.price 
    from
        product p1_0 
    join
        baseentity p1_1 
            on p1_0.id=p1_1.id 
    left join
        entity_attributes a1_0 
            on p1_1.id=a1_0.entity_id 
    where
        p1_1.tenant_id=?
2026-06-06 20:40:21 [boundedElastic-1] DEBUG org.hibernate.SQL [Req:b88652b8-41e3-4ef7-b0db-21cff5bd02c2] [Tenant:default] [User:admin-user] - 
    select
        count(p1_0.id) 
    from
        product p1_0 
    join
        baseentity p1_1 
            on p1_0.id=p1_1.id 
    where
        p1_1.tenant_id=?
2026-06-06 20:40:21 [boundedElastic-1] DEBUG org.hibernate.SQL [Req:a9b745b5-b353-4234-81af-e58dca0bf096] [Tenant:default] [User:admin-user] - 
    
SET
    LOCAL app.current_tenant = 'default'
2026-06-06 20:40:21 [boundedElastic-1] WARN  org.hibernate.orm.query [Req:a9b745b5-b353-4234-81af-e58dca0bf096] [Tenant:default] [User:admin-user] - HHH90003004: firstResult/maxResults specified with collection fetch; applying in memory
2026-06-06 20:40:21 [boundedElastic-1] DEBUG org.hibernate.SQL [Req:a9b745b5-b353-4234-81af-e58dca0bf096] [Tenant:default] [User:admin-user] - 
    select
        p1_0.id,
        a1_0.entity_id,
        a1_0.attribute_key,
        a1_0.attribute_value,
        p1_1.created_by,
        p1_1.created_date,
        p1_1.last_modified_by,
        p1_1.last_modified_date,
        p1_1.parent_id,
        p1_1.tenant_id,
        p1_1.version,
        p1_0.description,
        p1_0.name,
        p1_0.price 
    from
        product p1_0 
    join
        baseentity p1_1 
            on p1_0.id=p1_1.id 
    left join
        entity_attributes a1_0 
            on p1_1.id=a1_0.entity_id 
    where
        p1_1.tenant_id=?
2026-06-06 20:40:21 [boundedElastic-1] DEBUG org.hibernate.SQL [Req:a9b745b5-b353-4234-81af-e58dca0bf096] [Tenant:default] [User:admin-user] - 
    select
        count(p1_0.id) 
    from
        product p1_0 
    join
        baseentity p1_1 
            on p1_0.id=p1_1.id 
    where
        p1_1.tenant_id=?
2026-06-06 20:40:21 [boundedElastic-1] DEBUG org.hibernate.SQL [Req:431bf1e6-9363-4178-b534-5e4a458080a8] [Tenant:default] [User:admin-user] - 
    
SET
    LOCAL app.current_tenant = 'default'
2026-06-06 20:40:21 [boundedElastic-1] WARN  org.hibernate.orm.query [Req:431bf1e6-9363-4178-b534-5e4a458080a8] [Tenant:default] [User:admin-user] - HHH90003004: firstResult/maxResults specified with collection fetch; applying in memory
2026-06-06 20:40:21 [boundedElastic-1] DEBUG org.hibernate.SQL [Req:431bf1e6-9363-4178-b534-5e4a458080a8] [Tenant:default] [User:admin-user] - 
    select
        p1_0.id,
        a1_0.entity_id,
        a1_0.attribute_key,
        a1_0.attribute_value,
        p1_1.created_by,
        p1_1.created_date,
        p1_1.last_modified_by,
        p1_1.last_modified_date,
        p1_1.parent_id,
        p1_1.tenant_id,
        p1_1.version,
        p1_0.description,
        p1_0.name,
        p1_0.price 
    from
        product p1_0 
    join
        baseentity p1_1 
            on p1_0.id=p1_1.id 
    left join
        entity_attributes a1_0 
            on p1_1.id=a1_0.entity_id 
    where
        p1_1.tenant_id=?
2026-06-06 20:40:21 [boundedElastic-1] DEBUG org.hibernate.SQL [Req:431bf1e6-9363-4178-b534-5e4a458080a8] [Tenant:default] [User:admin-user] - 
    select
        count(p1_0.id) 
    from
        product p1_0 
    join
        baseentity p1_1 
            on p1_0.id=p1_1.id 
    where
        p1_1.tenant_id=?
2026-06-06 20:40:21 [boundedElastic-1] DEBUG org.hibernate.SQL [Req:cb703f48-b13b-4aeb-8efe-f4ceab72e4d2] [Tenant:default] [User:admin-user] - 
    
SET
    LOCAL app.current_tenant = 'default'
2026-06-06 20:40:21 [boundedElastic-1] WARN  org.hibernate.orm.query [Req:cb703f48-b13b-4aeb-8efe-f4ceab72e4d2] [Tenant:default] [User:admin-user] - HHH90003004: firstResult/maxResults specified with collection fetch; applying in memory
2026-06-06 20:40:21 [boundedElastic-1] DEBUG org.hibernate.SQL [Req:cb703f48-b13b-4aeb-8efe-f4ceab72e4d2] [Tenant:default] [User:admin-user] - 
    select
        p1_0.id,
        a1_0.entity_id,
        a1_0.attribute_key,
        a1_0.attribute_value,
        p1_1.created_by,
        p1_1.created_date,
        p1_1.last_modified_by,
        p1_1.last_modified_date,
        p1_1.parent_id,
        p1_1.tenant_id,
        p1_1.version,
        p1_0.description,
        p1_0.name,
        p1_0.price 
    from
        product p1_0 
    join
        baseentity p1_1 
            on p1_0.id=p1_1.id 
    left join
        entity_attributes a1_0 
            on p1_1.id=a1_0.entity_id 
    where
        p1_1.tenant_id=?
2026-06-06 20:40:21 [boundedElastic-1] DEBUG org.hibernate.SQL [Req:cb703f48-b13b-4aeb-8efe-f4ceab72e4d2] [Tenant:default] [User:admin-user] - 
    select
        count(p1_0.id) 
    from
        product p1_0 
    join
        baseentity p1_1 
            on p1_0.id=p1_1.id 
    where
        p1_1.tenant_id=?
2026-06-06 20:40:21 [boundedElastic-1] DEBUG org.hibernate.SQL [Req:6ee7e2ad-d3ab-4f65-9ae8-513b99a43b18] [Tenant:default] [User:admin-user] - 
    
SET
    LOCAL app.current_tenant = 'default'
2026-06-06 20:40:21 [boundedElastic-1] WARN  org.hibernate.orm.query [Req:6ee7e2ad-d3ab-4f65-9ae8-513b99a43b18] [Tenant:default] [User:admin-user] - HHH90003004: firstResult/maxResults specified with collection fetch; applying in memory
2026-06-06 20:40:21 [boundedElastic-1] DEBUG org.hibernate.SQL [Req:6ee7e2ad-d3ab-4f65-9ae8-513b99a43b18] [Tenant:default] [User:admin-user] - 
    select
        p1_0.id,
        a1_0.entity_id,
        a1_0.attribute_key,
        a1_0.attribute_value,
        p1_1.created_by,
        p1_1.created_date,
        p1_1.last_modified_by,
        p1_1.last_modified_date,
        p1_1.parent_id,
        p1_1.tenant_id,
        p1_1.version,
        p1_0.description,
        p1_0.name,
        p1_0.price 
    from
        product p1_0 
    join
        baseentity p1_1 
            on p1_0.id=p1_1.id 
    left join
        entity_attributes a1_0 
            on p1_1.id=a1_0.entity_id 
    where
        p1_1.tenant_id=?
2026-06-06 20:40:21 [boundedElastic-1] DEBUG org.hibernate.SQL [Req:6ee7e2ad-d3ab-4f65-9ae8-513b99a43b18] [Tenant:default] [User:admin-user] - 
    select
        count(p1_0.id) 
    from
        product p1_0 
    join
        baseentity p1_1 
            on p1_0.id=p1_1.id 
    where
        p1_1.tenant_id=?
2026-06-06 20:40:21 [boundedElastic-1] DEBUG org.hibernate.SQL [Req:57babb61-c03d-4c77-bcdc-04919785da52] [Tenant:default] [User:admin-user] - 
    
SET
    LOCAL app.current_tenant = 'default'
2026-06-06 20:40:21 [boundedElastic-1] WARN  org.hibernate.orm.query [Req:57babb61-c03d-4c77-bcdc-04919785da52] [Tenant:default] [User:admin-user] - HHH90003004: firstResult/maxResults specified with collection fetch; applying in memory
2026-06-06 20:40:21 [boundedElastic-1] DEBUG org.hibernate.SQL [Req:57babb61-c03d-4c77-bcdc-04919785da52] [Tenant:default] [User:admin-user] - 
    select
        p1_0.id,
        a1_0.entity_id,
        a1_0.attribute_key,
        a1_0.attribute_value,
        p1_1.created_by,
        p1_1.created_date,
        p1_1.last_modified_by,
        p1_1.last_modified_date,
        p1_1.parent_id,
        p1_1.tenant_id,
        p1_1.version,
        p1_0.description,
        p1_0.name,
        p1_0.price 
    from
        product p1_0 
    join
        baseentity p1_1 
            on p1_0.id=p1_1.id 
    left join
        entity_attributes a1_0 
            on p1_1.id=a1_0.entity_id 
    where
        p1_1.tenant_id=?
2026-06-06 20:40:21 [boundedElastic-1] DEBUG org.hibernate.SQL [Req:57babb61-c03d-4c77-bcdc-04919785da52] [Tenant:default] [User:admin-user] - 
    select
        count(p1_0.id) 
    from
        product p1_0 
    join
        baseentity p1_1 
            on p1_0.id=p1_1.id 
    where
        p1_1.tenant_id=?
2026-06-06 20:40:21 [boundedElastic-1] DEBUG org.hibernate.SQL [Req:1db7dda3-e58e-4f66-b732-b1bc1daca3f3] [Tenant:default] [User:admin-user] - 
    
SET
    LOCAL app.current_tenant = 'default'
2026-06-06 20:40:21 [boundedElastic-1] WARN  org.hibernate.orm.query [Req:1db7dda3-e58e-4f66-b732-b1bc1daca3f3] [Tenant:default] [User:admin-user] - HHH90003004: firstResult/maxResults specified with collection fetch; applying in memory
2026-06-06 20:40:21 [boundedElastic-1] DEBUG org.hibernate.SQL [Req:1db7dda3-e58e-4f66-b732-b1bc1daca3f3] [Tenant:default] [User:admin-user] - 
    select
        p1_0.id,
        a1_0.entity_id,
        a1_0.attribute_key,
        a1_0.attribute_value,
        p1_1.created_by,
        p1_1.created_date,
        p1_1.last_modified_by,
        p1_1.last_modified_date,
        p1_1.parent_id,
        p1_1.tenant_id,
        p1_1.version,
        p1_0.description,
        p1_0.name,
        p1_0.price 
    from
        product p1_0 
    join
        baseentity p1_1 
            on p1_0.id=p1_1.id 
    left join
        entity_attributes a1_0 
            on p1_1.id=a1_0.entity_id 
    where
        p1_1.tenant_id=?
2026-06-06 20:40:21 [boundedElastic-1] DEBUG org.hibernate.SQL [Req:1db7dda3-e58e-4f66-b732-b1bc1daca3f3] [Tenant:default] [User:admin-user] - 
    select
        count(p1_0.id) 
    from
        product p1_0 
    join
        baseentity p1_1 
            on p1_0.id=p1_1.id 
    where
        p1_1.tenant_id=?
2026-06-06 20:40:21 [boundedElastic-1] DEBUG org.hibernate.SQL [Req:89c324ce-cff9-464f-9dc1-eeb56dd93eef] [Tenant:default] [User:admin-user] - 
    
SET
    LOCAL app.current_tenant = 'default'
2026-06-06 20:40:21 [boundedElastic-1] WARN  org.hibernate.orm.query [Req:89c324ce-cff9-464f-9dc1-eeb56dd93eef] [Tenant:default] [User:admin-user] - HHH90003004: firstResult/maxResults specified with collection fetch; applying in memory
2026-06-06 20:40:21 [boundedElastic-1] DEBUG org.hibernate.SQL [Req:89c324ce-cff9-464f-9dc1-eeb56dd93eef] [Tenant:default] [User:admin-user] - 
    select
        p1_0.id,
        a1_0.entity_id,
        a1_0.attribute_key,
        a1_0.attribute_value,
        p1_1.created_by,
        p1_1.created_date,
        p1_1.last_modified_by,
        p1_1.last_modified_date,
        p1_1.parent_id,
        p1_1.tenant_id,
        p1_1.version,
        p1_0.description,
        p1_0.name,
        p1_0.price 
    from
        product p1_0 
    join
        baseentity p1_1 
            on p1_0.id=p1_1.id 
    left join
        entity_attributes a1_0 
            on p1_1.id=a1_0.entity_id 
    where
        p1_1.tenant_id=?
2026-06-06 20:40:21 [boundedElastic-1] DEBUG org.hibernate.SQL [Req:89c324ce-cff9-464f-9dc1-eeb56dd93eef] [Tenant:default] [User:admin-user] - 
    select
        count(p1_0.id) 
    from
        product p1_0 
    join
        baseentity p1_1 
            on p1_0.id=p1_1.id 
    where
        p1_1.tenant_id=?
2026-06-06 20:40:21 [boundedElastic-1] DEBUG org.hibernate.SQL [Req:a6ec244a-e921-46a4-8a68-bcac8a017b0e] [Tenant:default] [User:admin-user] - 
    
SET
    LOCAL app.current_tenant = 'default'
2026-06-06 20:40:21 [boundedElastic-1] WARN  org.hibernate.orm.query [Req:a6ec244a-e921-46a4-8a68-bcac8a017b0e] [Tenant:default] [User:admin-user] - HHH90003004: firstResult/maxResults specified with collection fetch; applying in memory
2026-06-06 20:40:21 [boundedElastic-1] DEBUG org.hibernate.SQL [Req:a6ec244a-e921-46a4-8a68-bcac8a017b0e] [Tenant:default] [User:admin-user] - 
    select
        p1_0.id,
        a1_0.entity_id,
        a1_0.attribute_key,
        a1_0.attribute_value,
        p1_1.created_by,
        p1_1.created_date,
        p1_1.last_modified_by,
        p1_1.last_modified_date,
        p1_1.parent_id,
        p1_1.tenant_id,
        p1_1.version,
        p1_0.description,
        p1_0.name,
        p1_0.price 
    from
        product p1_0 
    join
        baseentity p1_1 
            on p1_0.id=p1_1.id 
    left join
        entity_attributes a1_0 
            on p1_1.id=a1_0.entity_id 
    where
        p1_1.tenant_id=?
2026-06-06 20:40:21 [boundedElastic-1] DEBUG org.hibernate.SQL [Req:a6ec244a-e921-46a4-8a68-bcac8a017b0e] [Tenant:default] [User:admin-user] - 
    select
        count(p1_0.id) 
    from
        product p1_0 
    join
        baseentity p1_1 
            on p1_0.id=p1_1.id 
    where
        p1_1.tenant_id=?
2026-06-06 20:40:21 [parallel-11] WARN  c.o.c.i.w.ReactiveRateLimiterFilter [Req:] [Tenant:] [User:] - [SECURITY EVENT] Action=RATE_LIMIT_EXCEEDED IP=127.0.0.1
2026-06-06 20:40:21 [boundedElastic-1] DEBUG org.hibernate.SQL [Req:50bdd920-93d1-4d8e-b8aa-2b29e5bc8899] [Tenant:default] [User:admin-user] - 
    
SET
    LOCAL app.current_tenant = 'default'
2026-06-06 20:40:21 [boundedElastic-1] DEBUG org.hibernate.SQL [Req:50bdd920-93d1-4d8e-b8aa-2b29e5bc8899] [Tenant:default] [User:admin-user] - 
    select
        p1_0.id,
        a1_0.entity_id,
        a1_0.attribute_key,
        a1_0.attribute_value,
        p1_1.created_by,
        p1_1.created_date,
        p1_1.last_modified_by,
        p1_1.last_modified_date,
        p1_1.parent_id,
        p1_1.tenant_id,
        p1_1.version,
        p1_0.description,
        p1_0.name,
        p1_0.price 
    from
        product p1_0 
    join
        baseentity p1_1 
            on p1_0.id=p1_1.id 
    left join
        entity_attributes a1_0 
            on p1_1.id=a1_0.entity_id 
    where
        p1_0.id=?
2026-06-06 20:40:21 [SpringApplicationShutdownHook] INFO  o.s.b.reactor.netty.GracefulShutdown [Req:] [Tenant:] [User:] - Commencing graceful shutdown. Waiting for active requests to complete
2026-06-06 20:40:21 [netty-shutdown] INFO  o.s.b.reactor.netty.GracefulShutdown [Req:] [Tenant:] [User:] - Graceful shutdown complete
2026-06-06 20:40:23 [SpringApplicationShutdownHook] INFO  o.s.o.j.LocalContainerEntityManagerFactoryBean [Req:] [Tenant:] [User:] - Closing JPA EntityManagerFactory for persistence unit 'default'
2026-06-06 20:40:23 [SpringApplicationShutdownHook] INFO  com.zaxxer.hikari.HikariDataSource [Req:] [Tenant:] [User:] - HikariPool-1 - Shutdown initiated...
2026-06-06 20:40:23 [SpringApplicationShutdownHook] INFO  com.zaxxer.hikari.HikariDataSource [Req:] [Tenant:] [User:] - HikariPool-1 - Shutdown completed.
